date,it10y
2014-01-02 00:00:00+00:00,3.97199988365173
2014-01-03 00:00:00+00:00,3.94000005722046
2014-01-04 00:00:00+00:00,3.93499994277954
2014-01-06 00:00:00+00:00,3.92899990081787
2014-01-07 00:00:00+00:00,3.87800002098083
2014-01-08 00:00:00+00:00,3.88800001144409
2014-01-09 00:00:00+00:00,3.88299989700317
2014-01-10 00:00:00+00:00,3.91400003433228
2014-01-11 00:00:00+00:00,3.93400001525879
2014-01-13 00:00:00+00:00,3.8989999294281
2014-01-14 00:00:00+00:00,3.88499999046326
2014-01-15 00:00:00+00:00,3.86899995803833
2014-01-16 00:00:00+00:00,3.84599995613098
2014-01-17 00:00:00+00:00,3.81599998474121
2014-01-18 00:00:00+00:00,3.8199999332428
2014-01-20 00:00:00+00:00,3.79399991035461
2014-01-21 00:00:00+00:00,3.82699990272522
2014-01-22 00:00:00+00:00,3.82200002670288
2014-01-23 00:00:00+00:00,3.86299991607666
2014-01-24 00:00:00+00:00,3.89299988746643
2014-01-25 00:00:00+00:00,3.92499995231628
2014-01-27 00:00:00+00:00,3.90700006484985
2014-01-28 00:00:00+00:00,3.85899996757507
2014-01-29 00:00:00+00:00,3.86700010299683
2014-01-30 00:00:00+00:00,3.83899998664856
2014-01-31 00:00:00+00:00,3.78399991989136
2014-02-01 00:00:00+00:00,3.77999997138977
2014-02-03 00:00:00+00:00,3.75999999046326
2014-02-04 00:00:00+00:00,3.78800010681152
2014-02-05 00:00:00+00:00,3.76300001144409
2014-02-06 00:00:00+00:00,3.76200008392334
2014-02-07 00:00:00+00:00,3.68899989128113
2014-02-08 00:00:00+00:00,3.69400000572205
2014-02-10 00:00:00+00:00,3.69000005722046
2014-02-11 00:00:00+00:00,3.69700002670288
2014-02-12 00:00:00+00:00,3.73099994659424
2014-02-13 00:00:00+00:00,3.72000002861023
2014-02-14 00:00:00+00:00,3.68300008773804
2014-02-15 00:00:00+00:00,3.69799995422363
2014-02-17 00:00:00+00:00,3.61999988555908
2014-02-18 00:00:00+00:00,3.56500005722046
2014-02-19 00:00:00+00:00,3.58999991416931
2014-02-20 00:00:00+00:00,3.65100002288818
2014-02-21 00:00:00+00:00,3.60700011253357
2014-02-22 00:00:00+00:00,3.61700010299683
2014-02-24 00:00:00+00:00,3.61700010299683
2014-02-25 00:00:00+00:00,3.58800005912781
2014-02-26 00:00:00+00:00,3.54399991035461
2014-02-27 00:00:00+00:00,3.47699999809265
2014-02-28 00:00:00+00:00,3.47900009155273
2014-03-01 00:00:00+00:00,3.48000001907349
2014-03-03 00:00:00+00:00,3.45700001716614
2014-03-04 00:00:00+00:00,3.41499996185303
2014-03-05 00:00:00+00:00,3.37299990653992
2014-03-06 00:00:00+00:00,3.44899988174438
2014-03-07 00:00:00+00:00,3.41700005531311
2014-03-08 00:00:00+00:00,3.42499995231628
2014-03-09 00:00:00+00:00,3.42499995231628
2014-03-10 00:00:00+00:00,3.37100005149841
2014-03-11 00:00:00+00:00,3.40000009536743
2014-03-12 00:00:00+00:00,3.41700005531311
2014-03-13 00:00:00+00:00,3.3970000743866
2014-03-14 00:00:00+00:00,3.41300010681152
2014-03-15 00:00:00+00:00,3.41000008583069
2014-03-17 00:00:00+00:00,3.37899994850159
2014-03-18 00:00:00+00:00,3.3659999370575
2014-03-19 00:00:00+00:00,3.38499999046326
2014-03-20 00:00:00+00:00,3.43899989128113
2014-03-21 00:00:00+00:00,3.40599989891052
2014-03-22 00:00:00+00:00,3.41300010681152
2014-03-24 00:00:00+00:00,3.41599988937378
2014-03-25 00:00:00+00:00,3.39800000190735
2014-03-26 00:00:00+00:00,3.34200000762939
2014-03-27 00:00:00+00:00,3.29200005531311
2014-03-28 00:00:00+00:00,3.30299997329712
2014-03-29 00:00:00+00:00,3.30900001525879
2014-03-31 00:00:00+00:00,3.30100011825562
2014-04-01 00:00:00+00:00,3.29299998283386
2014-04-02 00:00:00+00:00,3.31299996376038
2014-04-03 00:00:00+00:00,3.26099991798401
2014-04-04 00:00:00+00:00,3.1800000667572
2014-04-05 00:00:00+00:00,3.17300009727478
2014-04-07 00:00:00+00:00,3.19400000572205
2014-04-08 00:00:00+00:00,3.22399997711182
2014-04-09 00:00:00+00:00,3.19700002670288
2014-04-10 00:00:00+00:00,3.16000008583069
2014-04-11 00:00:00+00:00,3.21000003814697
2014-04-12 00:00:00+00:00,3.21600008010864
2014-04-13 00:00:00+00:00,3.22300004959106
2014-04-14 00:00:00+00:00,3.17499995231628
2014-04-15 00:00:00+00:00,3.1159999370575
2014-04-16 00:00:00+00:00,3.09899997711182
2014-04-17 00:00:00+00:00,3.11999988555908
2014-04-19 00:00:00+00:00,3.12400007247925
2014-04-22 00:00:00+00:00,3.08899998664856
2014-04-23 00:00:00+00:00,3.08899998664856
2014-04-24 00:00:00+00:00,3.12199997901917
2014-04-25 00:00:00+00:00,3.11400008201599
2014-04-26 00:00:00+00:00,3.11100006103516
2014-04-27 00:00:00+00:00,3.11199998855591
2014-04-28 00:00:00+00:00,3.14199995994568
2014-04-29 00:00:00+00:00,3.12700009346008
2014-04-30 00:00:00+00:00,3.0789999961853
2014-05-01 00:00:00+00:00,3.07399988174438
2014-05-02 00:00:00+00:00,3.0460000038147
2014-05-03 00:00:00+00:00,3.05100011825562
2014-05-05 00:00:00+00:00,3.03800010681152
2014-05-06 00:00:00+00:00,3.00200009346008
2014-05-07 00:00:00+00:00,3.01900005340576
2014-05-08 00:00:00+00:00,2.92700004577637
2014-05-09 00:00:00+00:00,2.95199990272522
2014-05-10 00:00:00+00:00,2.95799994468689
2014-05-12 00:00:00+00:00,2.97099995613098
2014-05-13 00:00:00+00:00,2.94300007820129
2014-05-14 00:00:00+00:00,2.91599988937378
2014-05-15 00:00:00+00:00,3.09200000762939
2014-05-16 00:00:00+00:00,3.06900000572205
2014-05-17 00:00:00+00:00,3.07200002670288
2014-05-18 00:00:00+00:00,3.07100009918213
2014-05-19 00:00:00+00:00,3.16599988937378
2014-05-20 00:00:00+00:00,3.25600004196167
2014-05-21 00:00:00+00:00,3.19300007820129
2014-05-22 00:00:00+00:00,3.23099994659424
2014-05-23 00:00:00+00:00,3.15100002288818
2014-05-24 00:00:00+00:00,3.15199995040894
2014-05-25 00:00:00+00:00,3.15000009536743
2014-05-26 00:00:00+00:00,2.99000000953674
2014-05-27 00:00:00+00:00,2.98200011253357
2014-05-28 00:00:00+00:00,2.92700004577637
2014-05-29 00:00:00+00:00,2.9539999961853
2014-05-30 00:00:00+00:00,2.96499991416931
2014-05-31 00:00:00+00:00,2.96399998664856
2014-06-01 00:00:00+00:00,2.96499991416931
2014-06-02 00:00:00+00:00,2.96300005912781
2014-06-03 00:00:00+00:00,2.99300003051758
2014-06-04 00:00:00+00:00,3.01399993896484
2014-06-05 00:00:00+00:00,2.93600010871887
2014-06-06 00:00:00+00:00,2.76900005340576
2014-06-07 00:00:00+00:00,2.7590000629425
2014-06-08 00:00:00+00:00,2.76300001144409
2014-06-09 00:00:00+00:00,2.71499991416931
2014-06-10 00:00:00+00:00,2.78099989891052
2014-06-11 00:00:00+00:00,2.79099988937378
2014-06-12 00:00:00+00:00,2.8199999332428
2014-06-13 00:00:00+00:00,2.77800011634827
2014-06-14 00:00:00+00:00,2.78099989891052
2014-06-15 00:00:00+00:00,2.77900004386902
2014-06-16 00:00:00+00:00,2.76999998092651
2014-06-17 00:00:00+00:00,2.82299995422363
2014-06-18 00:00:00+00:00,2.84599995613098
2014-06-19 00:00:00+00:00,2.78900003433228
2014-06-20 00:00:00+00:00,2.84299993515015
2014-06-21 00:00:00+00:00,2.82999992370605
2014-06-22 00:00:00+00:00,2.83100008964539
2014-06-23 00:00:00+00:00,2.78999996185303
2014-06-24 00:00:00+00:00,2.7590000629425
2014-06-25 00:00:00+00:00,2.73399996757507
2014-06-26 00:00:00+00:00,2.72000002861023
2014-06-27 00:00:00+00:00,2.71600008010864
2014-06-28 00:00:00+00:00,2.72399997711182
2014-06-29 00:00:00+00:00,2.71799993515015
2014-06-30 00:00:00+00:00,2.73900008201599
2014-07-01 00:00:00+00:00,2.72399997711182
2014-07-02 00:00:00+00:00,2.88700008392334
2014-07-03 00:00:00+00:00,2.85800004005432
2014-07-04 00:00:00+00:00,2.81500005722046
2014-07-05 00:00:00+00:00,2.82599997520447
2014-07-07 00:00:00+00:00,2.81500005722046
2014-07-08 00:00:00+00:00,2.84400010108948
2014-07-09 00:00:00+00:00,2.87100005149841
2014-07-10 00:00:00+00:00,2.93600010871887
2014-07-11 00:00:00+00:00,2.89299988746643
2014-07-12 00:00:00+00:00,2.89499998092651
2014-07-13 00:00:00+00:00,2.90199995040894
2014-07-14 00:00:00+00:00,2.88100004196167
2014-07-15 00:00:00+00:00,2.8529999256134
2014-07-16 00:00:00+00:00,2.80900001525879
2014-07-17 00:00:00+00:00,2.77999997138977
2014-07-18 00:00:00+00:00,2.80299997329712
2014-07-19 00:00:00+00:00,2.78200006484985
2014-07-20 00:00:00+00:00,2.78200006484985
2014-07-21 00:00:00+00:00,2.76900005340576
2014-07-22 00:00:00+00:00,2.7739999294281
2014-07-23 00:00:00+00:00,2.72699999809265
2014-07-24 00:00:00+00:00,2.73399996757507
2014-07-25 00:00:00+00:00,2.71600008010864
2014-07-26 00:00:00+00:00,2.72199988365173
2014-07-27 00:00:00+00:00,2.72199988365173
2014-07-28 00:00:00+00:00,2.67300009727478
2014-07-29 00:00:00+00:00,2.6470000743866
2014-07-30 00:00:00+00:00,2.66899991035461
2014-07-31 00:00:00+00:00,2.69700002670288
2014-08-01 00:00:00+00:00,2.73099994659424
2014-08-02 00:00:00+00:00,2.76200008392334
2014-08-04 00:00:00+00:00,2.70000004768372
2014-08-05 00:00:00+00:00,2.75200009346008
2014-08-06 00:00:00+00:00,2.80900001525879
2014-08-07 00:00:00+00:00,2.85599994659424
2014-08-08 00:00:00+00:00,2.83800005912781
2014-08-09 00:00:00+00:00,2.82800006866455
2014-08-10 00:00:00+00:00,2.82800006866455
2014-08-11 00:00:00+00:00,2.79099988937378
2014-08-12 00:00:00+00:00,2.73600006103516
2014-08-13 00:00:00+00:00,2.73699998855591
2014-08-14 00:00:00+00:00,2.6710000038147
2014-08-15 00:00:00+00:00,2.60700011253357
2014-08-16 00:00:00+00:00,2.60700011253357
2014-08-17 00:00:00+00:00,2.60400009155273
2014-08-18 00:00:00+00:00,2.63899993896484
2014-08-19 00:00:00+00:00,2.59699988365173
2014-08-20 00:00:00+00:00,2.59100008010864
2014-08-21 00:00:00+00:00,2.5699999332428
2014-08-22 00:00:00+00:00,2.58500003814697
2014-08-23 00:00:00+00:00,2.57299995422363
2014-08-25 00:00:00+00:00,2.46799993515015
2014-08-26 00:00:00+00:00,2.43099999427795
2014-08-27 00:00:00+00:00,2.38199996948242
2014-08-28 00:00:00+00:00,2.43899989128113
2014-08-29 00:00:00+00:00,2.43499994277954
2014-08-30 00:00:00+00:00,2.43700003623962
2014-08-31 00:00:00+00:00,2.44199991226196
2014-09-01 00:00:00+00:00,2.42400002479553
2014-09-02 00:00:00+00:00,2.46199989318848
2014-09-03 00:00:00+00:00,2.46399998664856
2014-09-04 00:00:00+00:00,2.37199997901917
2014-09-05 00:00:00+00:00,2.27300000190735
2014-09-06 00:00:00+00:00,2.25500011444092
2014-09-07 00:00:00+00:00,2.25999999046326
2014-09-08 00:00:00+00:00,2.28900003433228
2014-09-09 00:00:00+00:00,2.36999988555908
2014-09-10 00:00:00+00:00,2.41400003433228
2014-09-11 00:00:00+00:00,2.45799994468689
2014-09-12 00:00:00+00:00,2.47399997711182
2014-09-13 00:00:00+00:00,2.46499991416931
2014-09-15 00:00:00+00:00,2.45900011062622
2014-09-16 00:00:00+00:00,2.4779999256134
2014-09-17 00:00:00+00:00,2.41899991035461
2014-09-18 00:00:00+00:00,2.44799995422363
2014-09-19 00:00:00+00:00,2.37599992752075
2014-09-20 00:00:00+00:00,2.36899995803833
2014-09-21 00:00:00+00:00,2.37700009346008
2014-09-22 00:00:00+00:00,2.375
2014-09-23 00:00:00+00:00,2.40100002288818
2014-09-24 00:00:00+00:00,2.37100005149841
2014-09-25 00:00:00+00:00,2.3529999256134
2014-09-26 00:00:00+00:00,2.38100004196167
2014-09-27 00:00:00+00:00,2.38599991798401
2014-09-29 00:00:00+00:00,2.41400003433228
2014-09-30 00:00:00+00:00,2.36500000953674
2014-10-01 00:00:00+00:00,2.28900003433228
2014-10-02 00:00:00+00:00,2.34299993515015
2014-10-03 00:00:00+00:00,2.33599996566772
2014-10-04 00:00:00+00:00,2.31100010871887
2014-10-05 00:00:00+00:00,2.31200003623962
2014-10-06 00:00:00+00:00,2.33500003814697
2014-10-07 00:00:00+00:00,2.34500002861023
2014-10-08 00:00:00+00:00,2.34400010108948
2014-10-09 00:00:00+00:00,2.29399991035461
2014-10-10 00:00:00+00:00,2.31900000572205
2014-10-11 00:00:00+00:00,2.32500004768372
2014-10-13 00:00:00+00:00,2.32800006866455
2014-10-14 00:00:00+00:00,2.30900001525879
2014-10-15 00:00:00+00:00,2.39800000190735
2014-10-16 00:00:00+00:00,2.56900000572205
2014-10-17 00:00:00+00:00,2.48600006103516
2014-10-18 00:00:00+00:00,2.49000000953674
2014-10-20 00:00:00+00:00,2.57999992370605
2014-10-21 00:00:00+00:00,2.52099990844727
2014-10-22 00:00:00+00:00,2.49799990653992
2014-10-23 00:00:00+00:00,2.5090000629425
2014-10-24 00:00:00+00:00,2.50999999046326
2014-10-27 00:00:00+00:00,2.54800009727478
2014-10-28 00:00:00+00:00,2.52900004386902
2014-10-29 00:00:00+00:00,2.50399994850159
2014-10-30 00:00:00+00:00,2.46700000762939
2014-10-31 00:00:00+00:00,2.37800002098083
2014-11-01 00:00:00+00:00,2.35899996757507
2014-11-03 00:00:00+00:00,2.41499996185303
2014-11-04 00:00:00+00:00,2.42400002479553
2014-11-05 00:00:00+00:00,2.42499995231628
2014-11-06 00:00:00+00:00,2.35999989509583
2014-11-07 00:00:00+00:00,2.38199996948242
2014-11-08 00:00:00+00:00,2.37400007247925
2014-11-10 00:00:00+00:00,2.34299993515015
2014-11-11 00:00:00+00:00,2.32200002670288
2014-11-12 00:00:00+00:00,2.34500002861023
2014-11-13 00:00:00+00:00,2.3529999256134
2014-11-14 00:00:00+00:00,2.34599995613098
2014-11-15 00:00:00+00:00,2.34100008010864
2014-11-16 00:00:00+00:00,2.34100008010864
2014-11-17 00:00:00+00:00,2.29399991035461
2014-11-18 00:00:00+00:00,2.30900001525879
2014-11-19 00:00:00+00:00,2.32299995422363
2014-11-20 00:00:00+00:00,2.28900003433228
2014-11-21 00:00:00+00:00,2.21499991416931
2014-11-22 00:00:00+00:00,2.21399998664856
2014-11-24 00:00:00+00:00,2.1800000667572
2014-11-25 00:00:00+00:00,2.14299988746643
2014-11-26 00:00:00+00:00,2.15899991989136
2014-11-27 00:00:00+00:00,2.06699991226196
2014-11-28 00:00:00+00:00,2.0460000038147
2014-11-30 00:00:00+00:00,2.03500008583069
2014-12-01 00:00:00+00:00,2.01500010490417
2014-12-02 00:00:00+00:00,2.01399993896484
2014-12-03 00:00:00+00:00,1.99000000953674
2014-12-04 00:00:00+00:00,2.02300000190735
2014-12-05 00:00:00+00:00,1.95099997520447
2014-12-08 00:00:00+00:00,1.95799994468689
2014-12-09 00:00:00+00:00,2.0239999294281
2014-12-10 00:00:00+00:00,2.02800011634827
2014-12-11 00:00:00+00:00,2.06200003623962
2014-12-12 00:00:00+00:00,2.06100010871887
2014-12-13 00:00:00+00:00,2.06800007820129
2014-12-14 00:00:00+00:00,2.06800007820129
2014-12-15 00:00:00+00:00,1.99500000476837
2014-12-16 00:00:00+00:00,2.01600003242493
2014-12-17 00:00:00+00:00,1.97399997711182
2014-12-18 00:00:00+00:00,1.97599995136261
2014-12-19 00:00:00+00:00,1.9559999704361
2014-12-22 00:00:00+00:00,1.93900001049042
2014-12-23 00:00:00+00:00,1.93299996852875
2014-12-24 00:00:00+00:00,1.94799995422363
2014-12-27 00:00:00+00:00,1.93799996376038
2014-12-28 00:00:00+00:00,1.93799996376038
2014-12-29 00:00:00+00:00,1.98099994659424
2014-12-30 00:00:00+00:00,1.87899994850159
2014-12-31 00:00:00+00:00,1.88100004196167
2015-01-01 00:00:00+00:00,1.88100004196167
2015-01-02 00:00:00+00:00,1.75899994373322
2015-01-03 00:00:00+00:00,1.74399995803833
2015-01-05 00:00:00+00:00,1.807000041008
2015-01-06 00:00:00+00:00,1.8289999961853
2015-01-07 00:00:00+00:00,1.92900002002716
2015-01-08 00:00:00+00:00,1.85099995136261
2015-01-09 00:00:00+00:00,1.88499999046326
2015-01-10 00:00:00+00:00,1.88199996948242
2015-01-12 00:00:00+00:00,1.80099999904633
2015-01-13 00:00:00+00:00,1.78900003433228
2015-01-14 00:00:00+00:00,1.74000000953674
2015-01-15 00:00:00+00:00,1.74100005626678
2015-01-16 00:00:00+00:00,1.73699998855591
2015-01-17 00:00:00+00:00,1.73599994182587
2015-01-19 00:00:00+00:00,1.74300003051758
2015-01-20 00:00:00+00:00,1.74800002574921
2015-01-21 00:00:00+00:00,1.75899994373322
2015-01-22 00:00:00+00:00,1.63300001621246
2015-01-23 00:00:00+00:00,1.57000005245209
2015-01-24 00:00:00+00:00,1.59300005435944
2015-01-26 00:00:00+00:00,1.52300000190735
2015-01-27 00:00:00+00:00,1.5809999704361
2015-01-28 00:00:00+00:00,1.65100002288818
2015-01-29 00:00:00+00:00,1.64900004863739
2015-01-30 00:00:00+00:00,1.67400002479553
2015-01-31 00:00:00+00:00,1.64800000190735
2015-02-01 00:00:00+00:00,1.64699995517731
2015-02-02 00:00:00+00:00,1.66700005531311
2015-02-03 00:00:00+00:00,1.63699996471405
2015-02-04 00:00:00+00:00,1.57700002193451
2015-02-05 00:00:00+00:00,1.58899998664856
2015-02-06 00:00:00+00:00,1.61000001430511
2015-02-07 00:00:00+00:00,1.61899995803833
2015-02-09 00:00:00+00:00,1.68700003623962
2015-02-10 00:00:00+00:00,1.69700002670288
2015-02-11 00:00:00+00:00,1.68299996852875
2015-02-12 00:00:00+00:00,1.67700004577637
2015-02-13 00:00:00+00:00,1.64499998092651
2015-02-14 00:00:00+00:00,1.63999998569489
2015-02-16 00:00:00+00:00,1.6599999666214
2015-02-17 00:00:00+00:00,1.67299997806549
2015-02-18 00:00:00+00:00,1.67200005054474
2015-02-19 00:00:00+00:00,1.63399994373322
2015-02-20 00:00:00+00:00,1.59700000286102
2015-02-21 00:00:00+00:00,1.61600005626678
2015-02-23 00:00:00+00:00,1.51999998092651
2015-02-24 00:00:00+00:00,1.49500000476837
2015-02-25 00:00:00+00:00,1.47399997711182
2015-02-26 00:00:00+00:00,1.36500000953674
2015-02-27 00:00:00+00:00,1.34200000762939
2015-02-28 00:00:00+00:00,1.36000001430511
2015-03-02 00:00:00+00:00,1.35399997234344
2015-03-03 00:00:00+00:00,1.39900004863739
2015-03-04 00:00:00+00:00,1.42200005054474
2015-03-05 00:00:00+00:00,1.35199999809265
2015-03-06 00:00:00+00:00,1.32000005245209
2015-03-07 00:00:00+00:00,1.33899998664856
2015-03-08 00:00:00+00:00,1.35099995136261
2015-03-09 00:00:00+00:00,1.30799996852875
2015-03-10 00:00:00+00:00,1.23699998855591
2015-03-11 00:00:00+00:00,1.12600004673004
2015-03-12 00:00:00+00:00,1.1360000371933
2015-03-13 00:00:00+00:00,1.16100001335144
2015-03-14 00:00:00+00:00,1.16799998283386
2015-03-16 00:00:00+00:00,1.16199994087219
2015-03-17 00:00:00+00:00,1.24600005149841
2015-03-18 00:00:00+00:00,1.3639999628067
2015-03-19 00:00:00+00:00,1.26300001144409
2015-03-20 00:00:00+00:00,1.2059999704361
2015-03-21 00:00:00+00:00,1.21899998188019
2015-03-23 00:00:00+00:00,1.30299997329712
2015-03-24 00:00:00+00:00,1.33000004291534
2015-03-25 00:00:00+00:00,1.3289999961853
2015-03-26 00:00:00+00:00,1.33599996566772
2015-03-27 00:00:00+00:00,1.34300005435944
2015-03-28 00:00:00+00:00,1.35000002384186
2015-03-30 00:00:00+00:00,1.31299996376038
2015-03-31 00:00:00+00:00,1.25300002098083
2015-04-01 00:00:00+00:00,1.23399996757507
2015-04-02 00:00:00+00:00,1.26400005817413
2015-04-04 00:00:00+00:00,1.26699995994568
2015-04-07 00:00:00+00:00,1.20299994945526
2015-04-08 00:00:00+00:00,1.21300005912781
2015-04-09 00:00:00+00:00,1.25
2015-04-10 00:00:00+00:00,1.22300004959106
2015-04-11 00:00:00+00:00,1.23599994182587
2015-04-13 00:00:00+00:00,1.25
2015-04-14 00:00:00+00:00,1.28900003433228
2015-04-15 00:00:00+00:00,1.24699997901917
2015-04-16 00:00:00+00:00,1.375
2015-04-17 00:00:00+00:00,1.4559999704361
2015-04-18 00:00:00+00:00,1.49000000953674
2015-04-20 00:00:00+00:00,1.45000004768372
2015-04-21 00:00:00+00:00,1.48699998855591
2015-04-22 00:00:00+00:00,1.40499997138977
2015-04-23 00:00:00+00:00,1.40900003910065
2015-04-24 00:00:00+00:00,1.44599997997284
2015-04-25 00:00:00+00:00,1.44400000572205
2015-04-27 00:00:00+00:00,1.3860000371933
2015-04-28 00:00:00+00:00,1.37999999523163
2015-04-29 00:00:00+00:00,1.48399996757507
2015-04-30 00:00:00+00:00,1.52199995517731
2015-05-01 00:00:00+00:00,1.47500002384186
2015-05-04 00:00:00+00:00,1.50899994373322
2015-05-05 00:00:00+00:00,1.81400001049042
2015-05-06 00:00:00+00:00,1.92499995231628
2015-05-07 00:00:00+00:00,1.75999999046326
2015-05-08 00:00:00+00:00,1.66799998283386
2015-05-09 00:00:00+00:00,1.68799996376038
2015-05-11 00:00:00+00:00,1.75199997425079
2015-05-12 00:00:00+00:00,1.86500000953674
2015-05-13 00:00:00+00:00,1.86899995803833
2015-05-14 00:00:00+00:00,1.85599994659424
2015-05-15 00:00:00+00:00,1.78999996185303
2015-05-16 00:00:00+00:00,1.78699994087219
2015-05-18 00:00:00+00:00,1.90799999237061
2015-05-19 00:00:00+00:00,1.83299994468689
2015-05-20 00:00:00+00:00,1.84599995613098
2015-05-21 00:00:00+00:00,1.87000000476837
2015-05-22 00:00:00+00:00,1.84500002861023
2015-05-25 00:00:00+00:00,1.9889999628067
2015-05-26 00:00:00+00:00,1.94200003147125
2015-05-27 00:00:00+00:00,1.84099996089935
2015-05-28 00:00:00+00:00,1.87300002574921
2015-05-29 00:00:00+00:00,1.85300004482269
2015-05-30 00:00:00+00:00,1.84500002861023
2015-06-01 00:00:00+00:00,1.92200005054474
2015-06-02 00:00:00+00:00,2.08400011062622
2015-06-03 00:00:00+00:00,2.11899995803833
2015-06-04 00:00:00+00:00,2.11800003051758
2015-06-05 00:00:00+00:00,2.23600006103516
2015-06-07 00:00:00+00:00,2.24300003051758
2015-06-08 00:00:00+00:00,2.25099992752075
2015-06-09 00:00:00+00:00,2.29099988937378
2015-06-10 00:00:00+00:00,2.32699990272522
2015-06-11 00:00:00+00:00,2.14000010490417
2015-06-12 00:00:00+00:00,2.26099991798401
2015-06-13 00:00:00+00:00,2.24000000953674
2015-06-15 00:00:00+00:00,2.33999991416931
2015-06-16 00:00:00+00:00,2.29800009727478
2015-06-17 00:00:00+00:00,2.28500008583069
2015-06-18 00:00:00+00:00,2.26500010490417
2015-06-19 00:00:00+00:00,2.29500007629395
2015-06-20 00:00:00+00:00,2.29099988937378
2015-06-21 00:00:00+00:00,2.28699994087219
2015-06-22 00:00:00+00:00,2.13499999046326
2015-06-23 00:00:00+00:00,2.12400007247925
2015-06-24 00:00:00+00:00,2.13299989700317
2015-06-25 00:00:00+00:00,2.12599992752075
2015-06-26 00:00:00+00:00,2.15400004386902
2015-06-27 00:00:00+00:00,2.15100002288818
2015-06-29 00:00:00+00:00,2.3529999256134
2015-06-30 00:00:00+00:00,2.30299997329712
2015-07-01 00:00:00+00:00,2.24600005149841
2015-07-02 00:00:00+00:00,2.32599997520447
2015-07-03 00:00:00+00:00,2.27800011634827
2015-07-04 00:00:00+00:00,2.26699995994568
2015-07-06 00:00:00+00:00,2.34500002861023
2015-07-07 00:00:00+00:00,2.29900002479553
2015-07-08 00:00:00+00:00,2.19700002670288
2015-07-09 00:00:00+00:00,2.17300009727478
2015-07-10 00:00:00+00:00,2.16100001335144
2015-07-11 00:00:00+00:00,2.15000009536743
2015-07-13 00:00:00+00:00,2.10999989509583
2015-07-14 00:00:00+00:00,2.07399988174438
2015-07-15 00:00:00+00:00,2.01799988746643
2015-07-16 00:00:00+00:00,1.99300003051758
2015-07-17 00:00:00+00:00,1.94500005245209
2015-07-18 00:00:00+00:00,1.92200005054474
2015-07-20 00:00:00+00:00,1.90499997138977
2015-07-21 00:00:00+00:00,1.99000000953674
2015-07-22 00:00:00+00:00,1.94799995422363
2015-07-23 00:00:00+00:00,1.90799999237061
2015-07-24 00:00:00+00:00,1.87399995326996
2015-07-25 00:00:00+00:00,1.875
2015-07-27 00:00:00+00:00,1.89499998092651
2015-07-28 00:00:00+00:00,1.88499999046326
2015-07-29 00:00:00+00:00,1.91100001335144
2015-07-30 00:00:00+00:00,1.83700001239777
2015-07-31 00:00:00+00:00,1.78299999237061
2015-08-01 00:00:00+00:00,1.77499997615814
2015-08-02 00:00:00+00:00,1.77499997615814
2015-08-03 00:00:00+00:00,1.77600002288818
2015-08-04 00:00:00+00:00,1.77699995040894
2015-08-05 00:00:00+00:00,1.89199995994568
2015-08-06 00:00:00+00:00,1.87000000476837
2015-08-07 00:00:00+00:00,1.83500003814697
2015-08-08 00:00:00+00:00,1.83899998664856
2015-08-10 00:00:00+00:00,1.82500004768372
2015-08-11 00:00:00+00:00,1.75899994373322
2015-08-12 00:00:00+00:00,1.77900004386902
2015-08-13 00:00:00+00:00,1.79100000858307
2015-08-14 00:00:00+00:00,1.80599999427795
2015-08-15 00:00:00+00:00,1.817999958992
2015-08-17 00:00:00+00:00,1.7610000371933
2015-08-18 00:00:00+00:00,1.79700005054474
2015-08-19 00:00:00+00:00,1.81900000572205
2015-08-20 00:00:00+00:00,1.7940000295639
2015-08-21 00:00:00+00:00,1.86600005626678
2015-08-22 00:00:00+00:00,1.85399997234344
2015-08-24 00:00:00+00:00,1.90799999237061
2015-08-25 00:00:00+00:00,1.96899998188019
2015-08-26 00:00:00+00:00,1.96099996566772
2015-08-27 00:00:00+00:00,1.9210000038147
2015-08-28 00:00:00+00:00,1.90799999237061
2015-08-29 00:00:00+00:00,1.92499995231628
2015-08-31 00:00:00+00:00,1.93599998950958
2015-09-01 00:00:00+00:00,1.9889999628067
2015-09-02 00:00:00+00:00,1.99899995326996
2015-09-03 00:00:00+00:00,1.93400001525879
2015-09-04 00:00:00+00:00,1.88300001621246
2015-09-05 00:00:00+00:00,1.87899994850159
2015-09-06 00:00:00+00:00,1.87899994850159
2015-09-07 00:00:00+00:00,1.88300001621246
2015-09-08 00:00:00+00:00,1.83200001716614
2015-09-09 00:00:00+00:00,1.84200000762939
2015-09-10 00:00:00+00:00,1.84599995613098
2015-09-11 00:00:00+00:00,1.83500003814697
2015-09-12 00:00:00+00:00,1.84200000762939
2015-09-14 00:00:00+00:00,1.84700000286102
2015-09-15 00:00:00+00:00,1.88900005817413
2015-09-16 00:00:00+00:00,1.91799998283386
2015-09-17 00:00:00+00:00,1.90499997138977
2015-09-18 00:00:00+00:00,1.77499997615814
2015-09-19 00:00:00+00:00,1.75899994373322
2015-09-21 00:00:00+00:00,1.80400002002716
2015-09-22 00:00:00+00:00,1.75399994850159
2015-09-23 00:00:00+00:00,1.73500001430511
2015-09-24 00:00:00+00:00,1.72699999809265
2015-09-25 00:00:00+00:00,1.78600001335144
2015-09-26 00:00:00+00:00,1.80900001525879
2015-09-27 00:00:00+00:00,1.80900001525879
2015-09-28 00:00:00+00:00,1.77100002765656
2015-09-29 00:00:00+00:00,1.73300004005432
2015-09-30 00:00:00+00:00,1.72800004482269
2015-10-01 00:00:00+00:00,1.69200003147125
2015-10-02 00:00:00+00:00,1.6360000371933
2015-10-03 00:00:00+00:00,1.63399994373322
2015-10-05 00:00:00+00:00,1.65900003910065
2015-10-06 00:00:00+00:00,1.68799996376038
2015-10-07 00:00:00+00:00,1.71300005912781
2015-10-08 00:00:00+00:00,1.68299996852875
2015-10-09 00:00:00+00:00,1.69000005722046
2015-10-10 00:00:00+00:00,1.69500005245209
2015-10-11 00:00:00+00:00,1.69400000572205
2015-10-12 00:00:00+00:00,1.67799997329712
2015-10-13 00:00:00+00:00,1.67200005054474
2015-10-14 00:00:00+00:00,1.62999999523163
2015-10-15 00:00:00+00:00,1.64199995994568
2015-10-16 00:00:00+00:00,1.60500001907349
2015-10-17 00:00:00+00:00,1.61099994182587
2015-10-18 00:00:00+00:00,1.60599994659424
2015-10-19 00:00:00+00:00,1.59899997711182
2015-10-20 00:00:00+00:00,1.66299998760223
2015-10-21 00:00:00+00:00,1.60800004005432
2015-10-22 00:00:00+00:00,1.48500001430511
2015-10-23 00:00:00+00:00,1.49899995326996
2015-10-24 00:00:00+00:00,1.50199997425079
2015-10-25 00:00:00+00:00,1.51199996471405
2015-10-26 00:00:00+00:00,1.49600005149841
2015-10-27 00:00:00+00:00,1.44400000572205
2015-10-28 00:00:00+00:00,1.40699994564056
2015-10-29 00:00:00+00:00,1.49100005626678
2015-10-30 00:00:00+00:00,1.5
2015-10-31 00:00:00+00:00,1.48500001430511
2015-11-01 00:00:00+00:00,1.47500002384186
2015-11-02 00:00:00+00:00,1.55299997329712
2015-11-03 00:00:00+00:00,1.557000041008
2015-11-04 00:00:00+00:00,1.55900001525879
2015-11-05 00:00:00+00:00,1.59370005130768
2015-11-06 00:00:00+00:00,1.76890003681183
2015-11-07 00:00:00+00:00,1.78750002384186
2015-11-08 00:00:00+00:00,1.78779995441437
2015-11-09 00:00:00+00:00,1.77779996395111
2015-11-10 00:00:00+00:00,1.69500005245209
2015-11-11 00:00:00+00:00,1.62300002574921
2015-11-12 00:00:00+00:00,1.60710000991821
2015-11-13 00:00:00+00:00,1.58109998703003
2015-11-14 00:00:00+00:00,1.56789994239807
2015-11-16 00:00:00+00:00,1.58459997177124
2015-11-17 00:00:00+00:00,1.56910002231598
2015-11-18 00:00:00+00:00,1.52779996395111
2015-11-19 00:00:00+00:00,1.5048999786377
2015-11-20 00:00:00+00:00,1.48909997940063
2015-11-21 00:00:00+00:00,1.49730002880096
2015-11-22 00:00:00+00:00,1.49720001220703
2015-11-23 00:00:00+00:00,1.53320002555847
2015-11-24 00:00:00+00:00,1.50179994106293
2015-11-25 00:00:00+00:00,1.44249999523163
2015-11-26 00:00:00+00:00,1.44260001182556
2015-11-27 00:00:00+00:00,1.39209997653961
2015-11-28 00:00:00+00:00,1.40209996700287
2015-11-29 00:00:00+00:00,1.40779995918274
2015-11-30 00:00:00+00:00,1.42690002918243
2015-12-01 00:00:00+00:00,1.4021999835968
2015-12-02 00:00:00+00:00,1.3918000459671
2015-12-03 00:00:00+00:00,1.60000002384186
2015-12-04 00:00:00+00:00,1.66159999370575
2015-12-05 00:00:00+00:00,1.65310001373291
2015-12-06 00:00:00+00:00,1.65310001373291
2015-12-07 00:00:00+00:00,1.58650004863739
2015-12-08 00:00:00+00:00,1.55190002918243
2015-12-09 00:00:00+00:00,1.57159996032715
2015-12-10 00:00:00+00:00,1.55529999732971
2015-12-11 00:00:00+00:00,1.53320002555847
2015-12-12 00:00:00+00:00,1.55009996891022
2015-12-13 00:00:00+00:00,1.54990005493164
2015-12-14 00:00:00+00:00,1.61969995498657
2015-12-15 00:00:00+00:00,1.69309997558594
2015-12-16 00:00:00+00:00,1.6952999830246
2015-12-17 00:00:00+00:00,1.63320004940033
2015-12-18 00:00:00+00:00,1.57149994373322
2015-12-19 00:00:00+00:00,1.58019995689392
2015-12-20 00:00:00+00:00,1.58010005950928
2015-12-21 00:00:00+00:00,1.59769999980927
2015-12-22 00:00:00+00:00,1.64450001716614
2015-12-23 00:00:00+00:00,1.67009997367859
2015-12-24 00:00:00+00:00,1.66159999370575
2015-12-25 00:00:00+00:00,1.66159999370575
2015-12-26 00:00:00+00:00,1.66159999370575
2015-12-27 00:00:00+00:00,1.66149997711182
2015-12-28 00:00:00+00:00,1.60749995708466
2015-12-29 00:00:00+00:00,1.63380002975464
2015-12-30 00:00:00+00:00,1.60060000419617
2015-12-31 00:00:00+00:00,1.60510003566742
2016-01-01 00:00:00+00:00,1.60510003566742
2016-01-02 00:00:00+00:00,1.60510003566742
2016-01-03 00:00:00+00:00,1.60570001602173
2016-01-04 00:00:00+00:00,1.54789996147156
2016-01-05 00:00:00+00:00,1.51049995422363
2016-01-06 00:00:00+00:00,1.47790002822876
2016-01-07 00:00:00+00:00,1.57120001316071
2016-01-08 00:00:00+00:00,1.53129994869232
2016-01-09 00:00:00+00:00,1.53929996490479
2016-01-10 00:00:00+00:00,1.53929996490479
2016-01-11 00:00:00+00:00,1.58510005474091
2016-01-12 00:00:00+00:00,1.61070001125336
2016-01-13 00:00:00+00:00,1.567999958992
2016-01-14 00:00:00+00:00,1.56819999217987
2016-01-15 00:00:00+00:00,1.5320999622345
2016-01-16 00:00:00+00:00,1.56620001792908
2016-01-17 00:00:00+00:00,1.56610000133514
2016-01-18 00:00:00+00:00,1.56819999217987
2016-01-19 00:00:00+00:00,1.56690001487732
2016-01-20 00:00:00+00:00,1.66519999504089
2016-01-21 00:00:00+00:00,1.55729997158051
2016-01-22 00:00:00+00:00,1.57469999790192
2016-01-23 00:00:00+00:00,1.57340002059937
2016-01-25 00:00:00+00:00,1.57819998264313
2016-01-26 00:00:00+00:00,1.52030003070831
2016-01-27 00:00:00+00:00,1.50759994983673
2016-01-28 00:00:00+00:00,1.49940001964569
2016-01-29 00:00:00+00:00,1.43369996547699
2016-01-30 00:00:00+00:00,1.40149998664856
2016-01-31 00:00:00+00:00,1.40129995346069
2016-02-01 00:00:00+00:00,1.47479999065399
2016-02-02 00:00:00+00:00,1.50310003757477
2016-02-03 00:00:00+00:00,1.46800005435944
2016-02-04 00:00:00+00:00,1.52119994163513
2016-02-05 00:00:00+00:00,1.55859994888306
2016-02-06 00:00:00+00:00,1.55910003185272
2016-02-08 00:00:00+00:00,1.69140005111694
2016-02-09 00:00:00+00:00,1.73290002346039
2016-02-10 00:00:00+00:00,1.6382999420166
2016-02-11 00:00:00+00:00,1.71319997310638
2016-02-12 00:00:00+00:00,1.65260004997253
2016-02-13 00:00:00+00:00,1.65069997310638
2016-02-14 00:00:00+00:00,1.65069997310638
2016-02-15 00:00:00+00:00,1.59920001029968
2016-02-16 00:00:00+00:00,1.64579999446869
2016-02-17 00:00:00+00:00,1.61339998245239
2016-02-18 00:00:00+00:00,1.56019997596741
2016-02-19 00:00:00+00:00,1.57980000972748
2016-02-20 00:00:00+00:00,1.56809997558594
2016-02-22 00:00:00+00:00,1.52769994735718
2016-02-23 00:00:00+00:00,1.54439997673035
2016-02-24 00:00:00+00:00,1.53289997577667
2016-02-25 00:00:00+00:00,1.52799999713898
2016-02-26 00:00:00+00:00,1.49790000915527
2016-02-27 00:00:00+00:00,1.4867000579834
2016-02-29 00:00:00+00:00,1.40719997882843
2016-03-01 00:00:00+00:00,1.40520000457764
2016-03-02 00:00:00+00:00,1.44280004501343
2016-03-03 00:00:00+00:00,1.43299996852875
2016-03-04 00:00:00+00:00,1.45459997653961
2016-03-05 00:00:00+00:00,1.46609997749329
2016-03-07 00:00:00+00:00,1.4536999464035
2016-03-08 00:00:00+00:00,1.41190004348755
2016-03-09 00:00:00+00:00,1.41250002384186
2016-03-10 00:00:00+00:00,1.45389997959137
2016-03-11 00:00:00+00:00,1.32519996166229
2016-03-12 00:00:00+00:00,1.33249998092651
2016-03-14 00:00:00+00:00,1.29100000858307
2016-03-15 00:00:00+00:00,1.36629998683929
2016-03-16 00:00:00+00:00,1.32369995117188
2016-03-17 00:00:00+00:00,1.26960003376007
2016-03-18 00:00:00+00:00,1.27110004425049
2016-03-21 00:00:00+00:00,1.25109994411469
2016-03-22 00:00:00+00:00,1.25769996643066
2016-03-23 00:00:00+00:00,1.30920004844666
2016-03-24 00:00:00+00:00,1.30040001869202
2016-03-29 00:00:00+00:00,1.24349999427795
2016-03-30 00:00:00+00:00,1.22660005092621
2016-03-31 00:00:00+00:00,1.22580003738403
2016-04-01 00:00:00+00:00,1.21609997749329
2016-04-02 00:00:00+00:00,1.23099994659424
2016-04-04 00:00:00+00:00,1.25499999523163
2016-04-05 00:00:00+00:00,1.28589999675751
2016-04-06 00:00:00+00:00,1.29139995574951
2016-04-07 00:00:00+00:00,1.41670000553131
2016-04-08 00:00:00+00:00,1.31930005550385
2016-04-10 00:00:00+00:00,1.31270003318787
2016-04-11 00:00:00+00:00,1.34440004825592
2016-04-12 00:00:00+00:00,1.37849998474121
2016-04-13 00:00:00+00:00,1.31910002231598
2016-04-14 00:00:00+00:00,1.35920000076294
2016-04-15 00:00:00+00:00,1.34370005130768
2016-04-16 00:00:00+00:00,1.34379994869232
2016-04-17 00:00:00+00:00,1.34370005130768
2016-04-18 00:00:00+00:00,1.35020005702972
2016-04-19 00:00:00+00:00,1.39999997615814
2016-04-20 00:00:00+00:00,1.39110004901886
2016-04-21 00:00:00+00:00,1.44869995117188
2016-04-22 00:00:00+00:00,1.47409999370575
2016-04-23 00:00:00+00:00,1.47329998016357
2016-04-24 00:00:00+00:00,1.480299949646
2016-04-25 00:00:00+00:00,1.541100025177
2016-04-26 00:00:00+00:00,1.53460001945496
2016-04-27 00:00:00+00:00,1.50619995594025
2016-04-28 00:00:00+00:00,1.46819996833801
2016-04-29 00:00:00+00:00,1.50440001487732
2016-05-01 00:00:00+00:00,1.49530005455017
2016-05-02 00:00:00+00:00,1.47599995136261
2016-05-03 00:00:00+00:00,1.4695999622345
2016-05-04 00:00:00+00:00,1.49030005931854
2016-05-05 00:00:00+00:00,1.51429998874664
2016-05-06 00:00:00+00:00,1.47880005836487
2016-05-07 00:00:00+00:00,1.50129997730255
2016-05-08 00:00:00+00:00,1.50119996070862
2016-05-09 00:00:00+00:00,1.48590004444122
2016-05-10 00:00:00+00:00,1.46070003509521
2016-05-11 00:00:00+00:00,1.46340000629425
2016-05-12 00:00:00+00:00,1.50969994068146
2016-05-13 00:00:00+00:00,1.48360002040863
2016-05-16 00:00:00+00:00,1.49170005321503
2016-05-17 00:00:00+00:00,1.45679998397827
2016-05-18 00:00:00+00:00,1.49210000038147
2016-05-19 00:00:00+00:00,1.51119995117188
2016-05-20 00:00:00+00:00,1.48889994621277
2016-05-23 00:00:00+00:00,1.4996999502182
2016-05-24 00:00:00+00:00,1.43630003929138
2016-05-25 00:00:00+00:00,1.35640001296997
2016-05-26 00:00:00+00:00,1.3782000541687
2016-05-27 00:00:00+00:00,1.36710000038147
2016-05-28 00:00:00+00:00,1.35350000858307
2016-05-29 00:00:00+00:00,1.3532999753952
2016-05-30 00:00:00+00:00,1.37220001220703
2016-05-31 00:00:00+00:00,1.36769998073578
2016-06-01 00:00:00+00:00,1.39549994468689
2016-06-02 00:00:00+00:00,1.39769995212555
2016-06-03 00:00:00+00:00,1.33949995040894
2016-06-06 00:00:00+00:00,1.40380001068115
2016-06-07 00:00:00+00:00,1.35520005226135
2016-06-08 00:00:00+00:00,1.32620000839233
2016-06-09 00:00:00+00:00,1.29739999771118
2016-06-10 00:00:00+00:00,1.31239998340607
2016-06-13 00:00:00+00:00,1.38160002231598
2016-06-14 00:00:00+00:00,1.44570004940033
2016-06-15 00:00:00+00:00,1.41820001602173
2016-06-16 00:00:00+00:00,1.49049997329712
2016-06-17 00:00:00+00:00,1.44799995422363
2016-06-20 00:00:00+00:00,1.37419998645782
2016-06-21 00:00:00+00:00,1.3775999546051
2016-06-22 00:00:00+00:00,1.36759996414185
2016-06-23 00:00:00+00:00,1.33050000667572
2016-06-24 00:00:00+00:00,1.48880004882812
2016-06-27 00:00:00+00:00,1.43210005760193
2016-06-28 00:00:00+00:00,1.33630001544952
2016-06-29 00:00:00+00:00,1.31009995937347
2016-06-30 00:00:00+00:00,1.27330005168915
2016-07-01 00:00:00+00:00,1.23500001430511
2016-07-04 00:00:00+00:00,1.24800002574921
2016-07-05 00:00:00+00:00,1.24500000476837
2016-07-06 00:00:00+00:00,1.23599994182587
2016-07-07 00:00:00+00:00,1.24300003051758
2016-07-08 00:00:00+00:00,1.18700003623962
2016-07-11 00:00:00+00:00,1.22200000286102
2016-07-12 00:00:00+00:00,1.22899997234344
2016-07-13 00:00:00+00:00,1.2059999704361
2016-07-14 00:00:00+00:00,1.22399997711182
2016-07-15 00:00:00+00:00,1.25800001621246
2016-07-16 00:00:00+00:00,1.25600004196167
2016-07-18 00:00:00+00:00,1.25600004196167
2016-07-19 00:00:00+00:00,1.23699998855591
2016-07-20 00:00:00+00:00,1.24500000476837
2016-07-21 00:00:00+00:00,1.24800002574921
2016-07-22 00:00:00+00:00,1.23500001430511
2016-07-25 00:00:00+00:00,1.23699998855591
2016-07-26 00:00:00+00:00,1.25100004673004
2016-07-27 00:00:00+00:00,1.21399998664856
2016-07-28 00:00:00+00:00,1.20200002193451
2016-07-29 00:00:00+00:00,1.16799998283386
2016-08-01 00:00:00+00:00,1.18099999427795
2016-08-02 00:00:00+00:00,1.21700000762939
2016-08-03 00:00:00+00:00,1.21800005435944
2016-08-04 00:00:00+00:00,1.14499998092651
2016-08-05 00:00:00+00:00,1.14100003242493
2016-08-06 00:00:00+00:00,1.14100003242493
2016-08-08 00:00:00+00:00,1.12800002098083
2016-08-09 00:00:00+00:00,1.11899995803833
2016-08-10 00:00:00+00:00,1.07700002193451
2016-08-11 00:00:00+00:00,1.06200003623962
2016-08-12 00:00:00+00:00,1.0460000038147
2016-08-13 00:00:00+00:00,1.05799996852875
2016-08-14 00:00:00+00:00,1.05799996852875
2016-08-15 00:00:00+00:00,1.06099998950958
2016-08-16 00:00:00+00:00,1.12199997901917
2016-08-17 00:00:00+00:00,1.11600005626678
2016-08-18 00:00:00+00:00,1.07700002193451
2016-08-19 00:00:00+00:00,1.1360000371933
2016-08-20 00:00:00+00:00,1.13800001144409
2016-08-22 00:00:00+00:00,1.11099994182587
2016-08-23 00:00:00+00:00,1.12800002098083
2016-08-24 00:00:00+00:00,1.12600004673004
2016-08-25 00:00:00+00:00,1.13300001621246
2016-08-26 00:00:00+00:00,1.11899995803833
2016-08-29 00:00:00+00:00,1.13699996471405
2016-08-30 00:00:00+00:00,1.10800004005432
2016-08-31 00:00:00+00:00,1.14999997615814
2016-09-01 00:00:00+00:00,1.182000041008
2016-09-02 00:00:00+00:00,1.1710000038147
2016-09-05 00:00:00+00:00,1.15900003910065
2016-09-06 00:00:00+00:00,1.09500002861023
2016-09-07 00:00:00+00:00,1.0809999704361
2016-09-08 00:00:00+00:00,1.15900003910065
2016-09-09 00:00:00+00:00,1.25300002098083
2016-09-12 00:00:00+00:00,1.27699995040894
2016-09-13 00:00:00+00:00,1.30900001525879
2016-09-14 00:00:00+00:00,1.2940000295639
2016-09-15 00:00:00+00:00,1.33500003814697
2016-09-16 00:00:00+00:00,1.34399998188019
2016-09-17 00:00:00+00:00,1.34700000286102
2016-09-19 00:00:00+00:00,1.31400001049042
2016-09-20 00:00:00+00:00,1.25399994850159
2016-09-21 00:00:00+00:00,1.2849999666214
2016-09-22 00:00:00+00:00,1.18700003623962
2016-09-23 00:00:00+00:00,1.21399998664856
2016-09-24 00:00:00+00:00,1.20299994945526
2016-09-25 00:00:00+00:00,1.20299994945526
2016-09-26 00:00:00+00:00,1.18900001049042
2016-09-27 00:00:00+00:00,1.20799994468689
2016-09-28 00:00:00+00:00,1.18400001525879
2016-09-29 00:00:00+00:00,1.21300005912781
2016-09-30 00:00:00+00:00,1.18900001049042
2016-10-03 00:00:00+00:00,1.24800002574921
2016-10-04 00:00:00+00:00,1.26300001144409
2016-10-05 00:00:00+00:00,1.36199998855591
2016-10-06 00:00:00+00:00,1.34899997711182
2016-10-07 00:00:00+00:00,1.38499999046326
2016-10-10 00:00:00+00:00,1.39699995517731
2016-10-11 00:00:00+00:00,1.37600004673004
2016-10-12 00:00:00+00:00,1.4190000295639
2016-10-13 00:00:00+00:00,1.37999999523163
2016-10-14 00:00:00+00:00,1.38100004196167
2016-10-15 00:00:00+00:00,1.38100004196167
2016-10-17 00:00:00+00:00,1.40299999713898
2016-10-18 00:00:00+00:00,1.30569994449615
2016-10-19 00:00:00+00:00,1.45200002193451
2016-10-20 00:00:00+00:00,1.43499994277954
2016-10-21 00:00:00+00:00,1.44400000572205
2016-10-24 00:00:00+00:00,1.45700001716614
2016-10-25 00:00:00+00:00,1.45000004768372
2016-10-26 00:00:00+00:00,1.53600001335144
2016-10-27 00:00:00+00:00,1.60500001907349
2016-10-28 00:00:00+00:00,1.65699994564056
2016-10-31 00:00:00+00:00,1.67599999904633
2016-11-01 00:00:00+00:00,1.76199996471405
2016-11-02 00:00:00+00:00,1.66700005531311
2016-11-03 00:00:00+00:00,1.69799995422363
2016-11-04 00:00:00+00:00,1.75
2016-11-07 00:00:00+00:00,1.70899999141693
2016-11-08 00:00:00+00:00,1.72300004959106
2016-11-09 00:00:00+00:00,1.75899994373322
2016-11-10 00:00:00+00:00,1.90299999713898
2016-11-11 00:00:00+00:00,2.02699995040894
2016-11-14 00:00:00+00:00,2.08200001716614
2016-11-15 00:00:00+00:00,1.96700000762939
2016-11-16 00:00:00+00:00,2.03399991989136
2016-11-17 00:00:00+00:00,2.09699988365173
2016-11-18 00:00:00+00:00,2.09699988365173
2016-11-21 00:00:00+00:00,2.07299995422363
2016-11-22 00:00:00+00:00,2.02500009536743
2016-11-23 00:00:00+00:00,2.11800003051758
2016-11-24 00:00:00+00:00,2.13499999046326
2016-11-25 00:00:00+00:00,2.09500002861023
2016-11-28 00:00:00+00:00,2.07200002670288
2016-11-29 00:00:00+00:00,1.94700002670288
2016-11-30 00:00:00+00:00,1.9889999628067
2016-12-01 00:00:00+00:00,2.06599998474121
2016-12-02 00:00:00+00:00,1.90699994564056
2016-12-05 00:00:00+00:00,1.99300003051758
2016-12-06 00:00:00+00:00,1.94900000095367
2016-12-07 00:00:00+00:00,1.89499998092651
2016-12-08 00:00:00+00:00,2.00099992752075
2016-12-09 00:00:00+00:00,2.04500007629395
2016-12-12 00:00:00+00:00,2.00200009346008
2016-12-13 00:00:00+00:00,1.87699997425079
2016-12-14 00:00:00+00:00,1.79900002479553
2016-12-15 00:00:00+00:00,1.8289999961853
2016-12-16 00:00:00+00:00,1.87800002098083
2016-12-19 00:00:00+00:00,1.8289999961853
2016-12-20 00:00:00+00:00,1.84800004959106
2016-12-21 00:00:00+00:00,1.83200001716614
2016-12-22 00:00:00+00:00,1.86099994182587
2016-12-23 00:00:00+00:00,1.82700002193451
2016-12-26 00:00:00+00:00,1.8289999961853
2016-12-27 00:00:00+00:00,1.85199999809265
2016-12-28 00:00:00+00:00,1.82099997997284
2016-12-29 00:00:00+00:00,1.80299997329712
2016-12-30 00:00:00+00:00,1.81900000572205
2017-01-02 00:00:00+00:00,1.74800002574921
2017-01-03 00:00:00+00:00,1.87300002574921
2017-01-04 00:00:00+00:00,1.87699997425079
2017-01-05 00:00:00+00:00,1.93700003623962
2017-01-06 00:00:00+00:00,1.96899998188019
2017-01-09 00:00:00+00:00,1.90499997138977
2017-01-10 00:00:00+00:00,1.92200005054474
2017-01-11 00:00:00+00:00,1.87199997901917
2017-01-12 00:00:00+00:00,1.90100002288818
2017-01-13 00:00:00+00:00,1.90199995040894
2017-01-16 00:00:00+00:00,1.91299998760223
2017-01-17 00:00:00+00:00,1.91499996185303
2017-01-18 00:00:00+00:00,1.96399998664856
2017-01-19 00:00:00+00:00,1.98800003528595
2017-01-20 00:00:00+00:00,2.02600002288818
2017-01-23 00:00:00+00:00,1.99199998378754
2017-01-24 00:00:00+00:00,2.0460000038147
2017-01-25 00:00:00+00:00,2.10999989509583
2017-01-26 00:00:00+00:00,2.23399996757507
2017-01-27 00:00:00+00:00,2.22900009155273
2017-01-28 00:00:00+00:00,2.23300004005432
2017-01-30 00:00:00+00:00,2.32500004768372
2017-01-31 00:00:00+00:00,2.2590000629425
2017-02-01 00:00:00+00:00,2.30999994277954
2017-02-02 00:00:00+00:00,2.23099994659424
2017-02-03 00:00:00+00:00,2.27099990844727
2017-02-06 00:00:00+00:00,2.37400007247925
2017-02-07 00:00:00+00:00,2.36299991607666
2017-02-08 00:00:00+00:00,2.24600005149841
2017-02-09 00:00:00+00:00,2.1710000038147
2017-02-10 00:00:00+00:00,2.26900005340576
2017-02-13 00:00:00+00:00,2.22199988365173
2017-02-14 00:00:00+00:00,2.23000001907349
2017-02-15 00:00:00+00:00,2.23900008201599
2017-02-16 00:00:00+00:00,2.14499998092651
2017-02-17 00:00:00+00:00,2.18700003623962
2017-02-20 00:00:00+00:00,2.17799997329712
2017-02-21 00:00:00+00:00,2.23300004005432
2017-02-22 00:00:00+00:00,2.19000005722046
2017-02-23 00:00:00+00:00,2.21900010108948
2017-02-24 00:00:00+00:00,2.19600009918213
2017-02-27 00:00:00+00:00,2.13199996948242
2017-02-28 00:00:00+00:00,2.08500003814697
2017-03-01 00:00:00+00:00,2.12199997901917
2017-03-02 00:00:00+00:00,2.13700008392334
2017-03-03 00:00:00+00:00,2.1010000705719
2017-03-04 00:00:00+00:00,2.11100006103516
2017-03-06 00:00:00+00:00,2.16300010681152
2017-03-07 00:00:00+00:00,2.19099998474121
2017-03-08 00:00:00+00:00,2.25600004196167
2017-03-09 00:00:00+00:00,2.31299996376038
2017-03-10 00:00:00+00:00,2.35899996757507
2017-03-13 00:00:00+00:00,2.36100006103516
2017-03-14 00:00:00+00:00,2.33899998664856
2017-03-15 00:00:00+00:00,2.29999995231628
2017-03-16 00:00:00+00:00,2.36199998855591
2017-03-17 00:00:00+00:00,2.53399991989136
2017-03-18 00:00:00+00:00,2.53500008583069
2017-03-20 00:00:00+00:00,2.53500008583069
2017-03-21 00:00:00+00:00,2.49300003051758
2017-03-22 00:00:00+00:00,2.44099998474121
2017-03-23 00:00:00+00:00,2.44799995422363
2017-03-24 00:00:00+00:00,2.3970000743866
2017-03-26 00:00:00+00:00,2.40799999237061
2017-03-27 00:00:00+00:00,2.36899995803833
2017-03-28 00:00:00+00:00,2.32500004768372
2017-03-29 00:00:00+00:00,2.2960000038147
2017-03-30 00:00:00+00:00,2.30699992179871
2017-03-31 00:00:00+00:00,2.31200003623962
2017-04-03 00:00:00+00:00,2.31599998474121
2017-04-04 00:00:00+00:00,2.27699995040894
2017-04-05 00:00:00+00:00,2.26600003242493
2017-04-06 00:00:00+00:00,2.26500010490417
2017-04-07 00:00:00+00:00,2.2279999256134
2017-04-10 00:00:00+00:00,2.23499989509583
2017-04-11 00:00:00+00:00,2.2720000743866
2017-04-12 00:00:00+00:00,2.29500007629395
2017-04-13 00:00:00+00:00,2.30699992179871
2017-04-14 00:00:00+00:00,2.31200003623962
2017-04-17 00:00:00+00:00,2.31200003623962
2017-04-18 00:00:00+00:00,2.25600004196167
2017-04-19 00:00:00+00:00,2.26999998092651
2017-04-20 00:00:00+00:00,2.2720000743866
2017-04-21 00:00:00+00:00,2.25200009346008
2017-04-22 00:00:00+00:00,2.26300001144409
2017-04-24 00:00:00+00:00,2.17600011825562
2017-04-25 00:00:00+00:00,2.26999998092651
2017-04-26 00:00:00+00:00,2.3050000667572
2017-04-27 00:00:00+00:00,2.24900007247925
2017-04-28 00:00:00+00:00,2.28099989891052
2017-05-01 00:00:00+00:00,2.28299999237061
2017-05-02 00:00:00+00:00,2.30599999427795
2017-05-03 00:00:00+00:00,2.2590000629425
2017-05-04 00:00:00+00:00,2.24900007247925
2017-05-05 00:00:00+00:00,2.16499996185303
2017-05-07 00:00:00+00:00,2.17400002479553
2017-05-08 00:00:00+00:00,2.23900008201599
2017-05-09 00:00:00+00:00,2.27800011634827
2017-05-10 00:00:00+00:00,2.24499988555908
2017-05-11 00:00:00+00:00,2.28800010681152
2017-05-12 00:00:00+00:00,2.25300002098083
2017-05-15 00:00:00+00:00,2.27300000190735
2017-05-16 00:00:00+00:00,2.23300004005432
2017-05-17 00:00:00+00:00,2.1489999294281
2017-05-18 00:00:00+00:00,2.14299988746643
2017-05-19 00:00:00+00:00,2.13299989700317
2017-05-22 00:00:00+00:00,2.13499999046326
2017-05-23 00:00:00+00:00,2.11700010299683
2017-05-24 00:00:00+00:00,2.13299989700317
2017-05-25 00:00:00+00:00,2.11100006103516
2017-05-26 00:00:00+00:00,2.09599995613098
2017-05-29 00:00:00+00:00,2.17799997329712
2017-05-30 00:00:00+00:00,2.17600011825562
2017-05-31 00:00:00+00:00,2.19899988174438
2017-06-01 00:00:00+00:00,2.25200009346008
2017-06-02 00:00:00+00:00,2.26099991798401
2017-06-05 00:00:00+00:00,2.27099990844727
2017-06-06 00:00:00+00:00,2.25399994850159
2017-06-07 00:00:00+00:00,2.29699993133545
2017-06-08 00:00:00+00:00,2.17199993133545
2017-06-09 00:00:00+00:00,2.08400011062622
2017-06-12 00:00:00+00:00,2.01500010490417
2017-06-13 00:00:00+00:00,1.97599995136261
2017-06-14 00:00:00+00:00,1.93799996376038
2017-06-15 00:00:00+00:00,1.96599996089935
2017-06-16 00:00:00+00:00,1.9889999628067
2017-06-19 00:00:00+00:00,1.95000004768372
2017-06-20 00:00:00+00:00,1.91100001335144
2017-06-21 00:00:00+00:00,1.90299999713898
2017-06-22 00:00:00+00:00,1.90499997138977
2017-06-23 00:00:00+00:00,1.91999995708466
2017-06-25 00:00:00+00:00,1.91299998760223
2017-06-26 00:00:00+00:00,1.89199995994568
2017-06-27 00:00:00+00:00,2.05599999427795
2017-06-28 00:00:00+00:00,2.02699995040894
2017-06-29 00:00:00+00:00,2.1489999294281
2017-06-30 00:00:00+00:00,2.15499997138977
2017-07-01 00:00:00+00:00,2.15899991989136
2017-07-02 00:00:00+00:00,2.15899991989136
2017-07-03 00:00:00+00:00,2.13299989700317
2017-07-04 00:00:00+00:00,2.10899996757507
2017-07-05 00:00:00+00:00,2.15199995040894
2017-07-06 00:00:00+00:00,2.26300001144409
2017-07-07 00:00:00+00:00,2.34100008010864
2017-07-10 00:00:00+00:00,2.27600002288818
2017-07-11 00:00:00+00:00,2.32100009918213
2017-07-12 00:00:00+00:00,2.24799990653992
2017-07-13 00:00:00+00:00,2.32100009918213
2017-07-14 00:00:00+00:00,2.28900003433228
2017-07-16 00:00:00+00:00,2.28900003433228
2017-07-17 00:00:00+00:00,2.23399996757507
2017-07-18 00:00:00+00:00,2.19000005722046
2017-07-19 00:00:00+00:00,2.19099998474121
2017-07-20 00:00:00+00:00,2.10899996757507
2017-07-21 00:00:00+00:00,2.07200002670288
2017-07-24 00:00:00+00:00,2.05399990081787
2017-07-25 00:00:00+00:00,2.13700008392334
2017-07-26 00:00:00+00:00,2.12400007247925
2017-07-27 00:00:00+00:00,2.08899998664856
2017-07-28 00:00:00+00:00,2.12100005149841
2017-07-31 00:00:00+00:00,2.09100008010864
2017-08-01 00:00:00+00:00,2.01200008392334
2017-08-02 00:00:00+00:00,2.01099991798401
2017-08-03 00:00:00+00:00,1.98599994182587
2017-08-04 00:00:00+00:00,2.01300001144409
2017-08-06 00:00:00+00:00,2.01500010490417
2017-08-07 00:00:00+00:00,1.99000000953674
2017-08-08 00:00:00+00:00,1.99899995326996
2017-08-09 00:00:00+00:00,2.00999999046326
2017-08-10 00:00:00+00:00,2.03099989891052
2017-08-11 00:00:00+00:00,2.02900004386902
2017-08-14 00:00:00+00:00,2.01600003242493
2017-08-15 00:00:00+00:00,2.04900002479553
2017-08-16 00:00:00+00:00,2.04299998283386
2017-08-17 00:00:00+00:00,2.02500009536743
2017-08-18 00:00:00+00:00,2.03200006484985
2017-08-21 00:00:00+00:00,2.02999997138977
2017-08-22 00:00:00+00:00,2.09899997711182
2017-08-23 00:00:00+00:00,2.11500000953674
2017-08-24 00:00:00+00:00,2.10800004005432
2017-08-25 00:00:00+00:00,2.09599995613098
2017-08-28 00:00:00+00:00,2.07999992370605
2017-08-29 00:00:00+00:00,2.06399989128113
2017-08-30 00:00:00+00:00,2.07800006866455
2017-08-31 00:00:00+00:00,2.04200005531311
2017-09-01 00:00:00+00:00,2.07500004768372
2017-09-04 00:00:00+00:00,2.03800010681152
2017-09-05 00:00:00+00:00,1.99699997901917
2017-09-06 00:00:00+00:00,2.02699995040894
2017-09-07 00:00:00+00:00,1.9190000295639
2017-09-08 00:00:00+00:00,1.95899999141693
2017-09-11 00:00:00+00:00,2.02800011634827
2017-09-12 00:00:00+00:00,2.08500003814697
2017-09-13 00:00:00+00:00,2.09899997711182
2017-09-14 00:00:00+00:00,2.12599992752075
2017-09-15 00:00:00+00:00,2.14100003242493
2017-09-18 00:00:00+00:00,2.13700008392334
2017-09-19 00:00:00+00:00,2.10899996757507
2017-09-20 00:00:00+00:00,2.1340000629425
2017-09-21 00:00:00+00:00,2.17499995231628
2017-09-22 00:00:00+00:00,2.17199993133545
2017-09-25 00:00:00+00:00,2.16599988937378
2017-09-26 00:00:00+00:00,2.18799996376038
2017-09-27 00:00:00+00:00,2.21000003814697
2017-09-28 00:00:00+00:00,2.19099998474121
2017-09-29 00:00:00+00:00,2.1710000038147
2017-10-02 00:00:00+00:00,2.21099996566772
2017-10-03 00:00:00+00:00,2.22199988365173
2017-10-04 00:00:00+00:00,2.25500011444092
2017-10-05 00:00:00+00:00,2.20799994468689
2017-10-06 00:00:00+00:00,2.2039999961853
2017-10-09 00:00:00+00:00,2.17300009727478
2017-10-10 00:00:00+00:00,2.18600010871887
2017-10-11 00:00:00+00:00,2.16700005531311
2017-10-12 00:00:00+00:00,2.1159999370575
2017-10-13 00:00:00+00:00,2.08500003814697
2017-10-16 00:00:00+00:00,2.02999997138977
2017-10-17 00:00:00+00:00,2.00200009346008
2017-10-18 00:00:00+00:00,2.04299998283386
2017-10-19 00:00:00+00:00,2.03299999237061
2017-10-20 00:00:00+00:00,2.0460000038147
2017-10-22 00:00:00+00:00,2.04900002479553
2017-10-23 00:00:00+00:00,2.00600004196167
2017-10-24 00:00:00+00:00,2.05200004577637
2017-10-25 00:00:00+00:00,2.03399991989136
2017-10-26 00:00:00+00:00,1.95700001716614
2017-10-27 00:00:00+00:00,1.94599997997284
2017-10-29 00:00:00+00:00,1.95000004768372
2017-10-30 00:00:00+00:00,1.84700000286102
2017-10-31 00:00:00+00:00,1.82500004768372
2017-11-01 00:00:00+00:00,1.79999995231628
2017-11-02 00:00:00+00:00,1.79900002479553
2017-11-03 00:00:00+00:00,1.78900003433228
2017-11-06 00:00:00+00:00,1.78100001811981
2017-11-07 00:00:00+00:00,1.69900000095367
2017-11-08 00:00:00+00:00,1.74399995803833
2017-11-09 00:00:00+00:00,1.81400001049042
2017-11-10 00:00:00+00:00,1.84599995613098
2017-11-13 00:00:00+00:00,1.83000004291534
2017-11-14 00:00:00+00:00,1.82299995422363
2017-11-15 00:00:00+00:00,1.807000041008
2017-11-16 00:00:00+00:00,1.83800005912781
2017-11-17 00:00:00+00:00,1.83299994468689
2017-11-20 00:00:00+00:00,1.81099998950958
2017-11-21 00:00:00+00:00,1.77499997615814
2017-11-22 00:00:00+00:00,1.76499998569489
2017-11-23 00:00:00+00:00,1.77499997615814
2017-11-24 00:00:00+00:00,1.82500004768372
2017-11-27 00:00:00+00:00,1.78600001335144
2017-11-28 00:00:00+00:00,1.77799999713898
2017-11-29 00:00:00+00:00,1.79200005531311
2017-11-30 00:00:00+00:00,1.74100005626678
2017-12-01 00:00:00+00:00,1.70299994945526
2017-12-04 00:00:00+00:00,1.72699999809265
2017-12-05 00:00:00+00:00,1.70700001716614
2017-12-06 00:00:00+00:00,1.71899998188019
2017-12-07 00:00:00+00:00,1.67400002479553
2017-12-08 00:00:00+00:00,1.64300000667572
2017-12-11 00:00:00+00:00,1.65299999713898
2017-12-12 00:00:00+00:00,1.7039999961853
2017-12-13 00:00:00+00:00,1.77999997138977
2017-12-14 00:00:00+00:00,1.79100000858307
2017-12-15 00:00:00+00:00,1.81200003623962
2017-12-16 00:00:00+00:00,1.81400001049042
2017-12-18 00:00:00+00:00,1.80400002002716
2017-12-19 00:00:00+00:00,1.92299997806549
2017-12-20 00:00:00+00:00,1.94000005722046
2017-12-21 00:00:00+00:00,1.90600001811981
2017-12-22 00:00:00+00:00,1.90699994564056
2017-12-25 00:00:00+00:00,1.91600000858307
2017-12-26 00:00:00+00:00,1.91400003433228
2017-12-27 00:00:00+00:00,1.90900003910065
2017-12-28 00:00:00+00:00,1.94799995422363
2017-12-29 00:00:00+00:00,1.99800002574921
2018-01-02 00:00:00+00:00,2.09899997711182
2018-01-03 00:00:00+00:00,2.06800007820129
2018-01-04 00:00:00+00:00,2.01099991798401
2018-01-05 00:00:00+00:00,1.99399995803833
2018-01-08 00:00:00+00:00,1.97699999809265
2018-01-09 00:00:00+00:00,2.02800011634827
2018-01-10 00:00:00+00:00,2.03800010681152
2018-01-11 00:00:00+00:00,2.05800008773804
2018-01-12 00:00:00+00:00,1.99100005626678
2018-01-15 00:00:00+00:00,1.99600005149841
2018-01-16 00:00:00+00:00,1.96800005435944
2018-01-17 00:00:00+00:00,2.0
2018-01-18 00:00:00+00:00,1.97899997234344
2018-01-19 00:00:00+00:00,1.95799994468689
2018-01-22 00:00:00+00:00,1.91700005531311
2018-01-23 00:00:00+00:00,1.88999998569489
2018-01-24 00:00:00+00:00,1.90799999237061
2018-01-25 00:00:00+00:00,1.95799994468689
2018-01-26 00:00:00+00:00,2.00300002098083
2018-01-27 00:00:00+00:00,2.00600004196167
2018-01-29 00:00:00+00:00,2.02500009536743
2018-01-30 00:00:00+00:00,2.02800011634827
2018-01-31 00:00:00+00:00,2.02099990844727
2018-02-01 00:00:00+00:00,1.9559999704361
2018-02-02 00:00:00+00:00,2.03299999237061
2018-02-05 00:00:00+00:00,2.03099989891052
2018-02-06 00:00:00+00:00,1.98800003528595
2018-02-07 00:00:00+00:00,1.942999958992
2018-02-08 00:00:00+00:00,1.99500000476837
2018-02-09 00:00:00+00:00,2.04999995231628
2018-02-12 00:00:00+00:00,2.03299999237061
2018-02-13 00:00:00+00:00,2.07800006866455
2018-02-14 00:00:00+00:00,2.05699992179871
2018-02-15 00:00:00+00:00,2.06299996376038
2018-02-16 00:00:00+00:00,1.98599994182587
2018-02-18 00:00:00+00:00,1.98300004005432
2018-02-19 00:00:00+00:00,2.04200005531311
2018-02-20 00:00:00+00:00,2.06900000572205
2018-02-21 00:00:00+00:00,2.14299988746643
2018-02-22 00:00:00+00:00,2.16899991035461
2018-02-23 00:00:00+00:00,2.15599989891052
2018-02-26 00:00:00+00:00,2.10899996757507
2018-02-27 00:00:00+00:00,2.09299993515015
2018-02-28 00:00:00+00:00,2.06800007820129
2018-03-01 00:00:00+00:00,2.02800011634827
2018-03-02 00:00:00+00:00,2.06299996376038
2018-03-03 00:00:00+00:00,2.03600001335144
2018-03-05 00:00:00+00:00,2.08200001716614
2018-03-06 00:00:00+00:00,2.08699989318848
2018-03-07 00:00:00+00:00,2.04500007629395
2018-03-08 00:00:00+00:00,1.98099994659424
2018-03-09 00:00:00+00:00,1.99399995803833
2018-03-10 00:00:00+00:00,1.99199998378754
2018-03-12 00:00:00+00:00,1.99899995326996
2018-03-13 00:00:00+00:00,1.98800003528595
2018-03-14 00:00:00+00:00,2.00999999046326
2018-03-15 00:00:00+00:00,1.98000001907349
2018-03-16 00:00:00+00:00,1.97800004482269
2018-03-17 00:00:00+00:00,1.98399996757507
2018-03-19 00:00:00+00:00,1.96200001239777
2018-03-20 00:00:00+00:00,1.89600002765656
2018-03-21 00:00:00+00:00,1.932000041008
2018-03-22 00:00:00+00:00,1.94700002670288
2018-03-23 00:00:00+00:00,1.87399995326996
2018-03-24 00:00:00+00:00,1.87800002098083
2018-03-26 00:00:00+00:00,1.91100001335144
2018-03-27 00:00:00+00:00,1.87300002574921
2018-03-28 00:00:00+00:00,1.84099996089935
2018-03-29 00:00:00+00:00,1.78699994087219
2018-03-30 00:00:00+00:00,1.78999996185303
2018-04-02 00:00:00+00:00,1.78900003433228
2018-04-03 00:00:00+00:00,1.78600001335144
2018-04-04 00:00:00+00:00,1.74300003051758
2018-04-05 00:00:00+00:00,1.81299996376038
2018-04-06 00:00:00+00:00,1.78400003910065
2018-04-09 00:00:00+00:00,1.76600003242493
2018-04-10 00:00:00+00:00,1.79299998283386
2018-04-11 00:00:00+00:00,1.77999997138977
2018-04-12 00:00:00+00:00,1.80799996852875
2018-04-13 00:00:00+00:00,1.79299998283386
2018-04-14 00:00:00+00:00,1.79799997806549
2018-04-16 00:00:00+00:00,1.79999995231628
2018-04-17 00:00:00+00:00,1.75999999046326
2018-04-18 00:00:00+00:00,1.71899998188019
2018-04-19 00:00:00+00:00,1.77699995040894
2018-04-20 00:00:00+00:00,1.77900004386902
2018-04-21 00:00:00+00:00,1.77799999713898
2018-04-23 00:00:00+00:00,1.79200005531311
2018-04-24 00:00:00+00:00,1.77600002288818
2018-04-25 00:00:00+00:00,1.77900004386902
2018-04-26 00:00:00+00:00,1.74500000476837
2018-04-27 00:00:00+00:00,1.73500001430511
2018-04-30 00:00:00+00:00,1.75699996948242
2018-05-01 00:00:00+00:00,1.78600001335144
2018-05-02 00:00:00+00:00,1.7940000295639
2018-05-03 00:00:00+00:00,1.73399996757507
2018-05-04 00:00:00+00:00,1.79299998283386
2018-05-07 00:00:00+00:00,1.76300001144409
2018-05-08 00:00:00+00:00,1.86199998855591
2018-05-09 00:00:00+00:00,1.88800001144409
2018-05-10 00:00:00+00:00,1.93499994277954
2018-05-11 00:00:00+00:00,1.88300001621246
2018-05-14 00:00:00+00:00,1.91299998760223
2018-05-15 00:00:00+00:00,1.95099997520447
2018-05-16 00:00:00+00:00,2.12800002098083
2018-05-17 00:00:00+00:00,2.11400008201599
2018-05-18 00:00:00+00:00,2.18799996376038
2018-05-20 00:00:00+00:00,2.22099995613098
2018-05-21 00:00:00+00:00,2.41799998283386
2018-05-22 00:00:00+00:00,2.32500004768372
2018-05-23 00:00:00+00:00,2.40700006484985
2018-05-24 00:00:00+00:00,2.40000009536743
2018-05-25 00:00:00+00:00,2.45300006866455
2018-05-28 00:00:00+00:00,2.68199992179871
2018-05-29 00:00:00+00:00,3.17799997329712
2018-05-30 00:00:00+00:00,3.05399990081787
2018-05-31 00:00:00+00:00,2.83599996566772
2018-06-01 00:00:00+00:00,2.73900008201599
2018-06-04 00:00:00+00:00,2.55900001525879
2018-06-05 00:00:00+00:00,2.75799989700317
2018-06-06 00:00:00+00:00,2.93099999427795
2018-06-07 00:00:00+00:00,3.01200008392334
2018-06-08 00:00:00+00:00,3.13000011444092
2018-06-11 00:00:00+00:00,2.85899996757507
2018-06-12 00:00:00+00:00,2.87400007247925
2018-06-13 00:00:00+00:00,2.81500005722046
2018-06-14 00:00:00+00:00,2.75500011444092
2018-06-15 00:00:00+00:00,2.61700010299683
2018-06-18 00:00:00+00:00,2.55900001525879
2018-06-19 00:00:00+00:00,2.55999994277954
2018-06-20 00:00:00+00:00,2.56100010871887
2018-06-21 00:00:00+00:00,2.75099992752075
2018-06-22 00:00:00+00:00,2.71199989318848
2018-06-25 00:00:00+00:00,2.8529999256134
2018-06-26 00:00:00+00:00,2.90599989891052
2018-06-27 00:00:00+00:00,2.82800006866455
2018-06-28 00:00:00+00:00,2.78500008583069
2018-06-29 00:00:00+00:00,2.68799996376038
2018-07-02 00:00:00+00:00,2.65199995040894
2018-07-03 00:00:00+00:00,2.6470000743866
2018-07-04 00:00:00+00:00,2.64599990844727
2018-07-05 00:00:00+00:00,2.71600008010864
2018-07-06 00:00:00+00:00,2.71900010108948
2018-07-09 00:00:00+00:00,2.6710000038147
2018-07-10 00:00:00+00:00,2.68400001525879
2018-07-11 00:00:00+00:00,2.68899989128113
2018-07-12 00:00:00+00:00,2.64199995994568
2018-07-13 00:00:00+00:00,2.55999994277954
2018-07-16 00:00:00+00:00,2.58100008964539
2018-07-17 00:00:00+00:00,2.47499990463257
2018-07-18 00:00:00+00:00,2.51500010490417
2018-07-19 00:00:00+00:00,2.50600004196167
2018-07-20 00:00:00+00:00,2.58100008964539
2018-07-23 00:00:00+00:00,2.64599990844727
2018-07-24 00:00:00+00:00,2.67300009727478
2018-07-25 00:00:00+00:00,2.67499995231628
2018-07-26 00:00:00+00:00,2.70499992370605
2018-07-27 00:00:00+00:00,2.74000000953674
2018-07-30 00:00:00+00:00,2.79299998283386
2018-07-31 00:00:00+00:00,2.74000000953674
2018-08-01 00:00:00+00:00,2.79699993133545
2018-08-02 00:00:00+00:00,2.91799998283386
2018-08-03 00:00:00+00:00,2.94199991226196
2018-08-06 00:00:00+00:00,2.90400004386902
2018-08-07 00:00:00+00:00,2.87400007247925
2018-08-08 00:00:00+00:00,2.9210000038147
2018-08-09 00:00:00+00:00,2.8970000743866
2018-08-10 00:00:00+00:00,2.99699997901917
2018-08-13 00:00:00+00:00,3.10199999809265
2018-08-14 00:00:00+00:00,3.04699993133545
2018-08-15 00:00:00+00:00,3.16100001335144
2018-08-16 00:00:00+00:00,3.11400008201599
2018-08-17 00:00:00+00:00,3.12599992752075
2018-08-18 00:00:00+00:00,3.13700008392334
2018-08-20 00:00:00+00:00,3.04999995231628
2018-08-21 00:00:00+00:00,2.96900010108948
2018-08-22 00:00:00+00:00,3.05399990081787
2018-08-23 00:00:00+00:00,3.09999990463257
2018-08-24 00:00:00+00:00,3.14499998092651
2018-08-27 00:00:00+00:00,3.16700005531311
2018-08-28 00:00:00+00:00,3.18400001525879
2018-08-29 00:00:00+00:00,3.12800002098083
2018-08-30 00:00:00+00:00,3.20000004768372
2018-08-31 00:00:00+00:00,3.23900008201599
2018-09-01 00:00:00+00:00,3.21600008010864
2018-09-03 00:00:00+00:00,3.18600010871887
2018-09-04 00:00:00+00:00,3.03600001335144
2018-09-05 00:00:00+00:00,2.94700002670288
2018-09-06 00:00:00+00:00,2.90300011634827
2018-09-07 00:00:00+00:00,2.87700009346008
2018-09-10 00:00:00+00:00,2.74200010299683
2018-09-11 00:00:00+00:00,2.7739999294281
2018-09-12 00:00:00+00:00,2.79399991035461
2018-09-13 00:00:00+00:00,2.78200006484985
2018-09-14 00:00:00+00:00,2.80800008773804
2018-09-15 00:00:00+00:00,2.78900003433228
2018-09-16 00:00:00+00:00,2.75699996948242
2018-09-17 00:00:00+00:00,2.87100005149841
2018-09-18 00:00:00+00:00,2.78699994087219
2018-09-19 00:00:00+00:00,2.86100006103516
2018-09-20 00:00:00+00:00,2.89499998092651
2018-09-21 00:00:00+00:00,2.83999991416931
2018-09-22 00:00:00+00:00,2.83899998664856
2018-09-24 00:00:00+00:00,2.95000004768372
2018-09-25 00:00:00+00:00,2.89100003242493
2018-09-26 00:00:00+00:00,2.84200000762939
2018-09-27 00:00:00+00:00,2.90700006484985
2018-09-28 00:00:00+00:00,3.14299988746643
2018-09-29 00:00:00+00:00,3.14199995994568
2018-10-01 00:00:00+00:00,3.29200005531311
2018-10-02 00:00:00+00:00,3.4300000667572
2018-10-03 00:00:00+00:00,3.30900001525879
2018-10-04 00:00:00+00:00,3.33200001716614
2018-10-05 00:00:00+00:00,3.40899991989136
2018-10-07 00:00:00+00:00,3.40599989891052
2018-10-08 00:00:00+00:00,3.5699999332428
2018-10-09 00:00:00+00:00,3.53099989891052
2018-10-10 00:00:00+00:00,3.50999999046326
2018-10-11 00:00:00+00:00,3.57699990272522
2018-10-12 00:00:00+00:00,3.57699990272522
2018-10-13 00:00:00+00:00,3.6010000705719
2018-10-14 00:00:00+00:00,3.57500004768372
2018-10-15 00:00:00+00:00,3.5550000667572
2018-10-16 00:00:00+00:00,3.45799994468689
2018-10-17 00:00:00+00:00,3.54500007629395
2018-10-18 00:00:00+00:00,3.67300009727478
2018-10-19 00:00:00+00:00,3.58599996566772
2018-10-22 00:00:00+00:00,3.47699999809265
2018-10-23 00:00:00+00:00,3.57599997520447
2018-10-24 00:00:00+00:00,3.61400008201599
2018-10-25 00:00:00+00:00,3.5
2018-10-26 00:00:00+00:00,3.43799996376038
2018-10-27 00:00:00+00:00,3.4300000667572
2018-10-29 00:00:00+00:00,3.33899998664856
2018-10-30 00:00:00+00:00,3.48300004005432
2018-10-31 00:00:00+00:00,3.43400001525879
2018-11-01 00:00:00+00:00,3.38000011444092
2018-11-02 00:00:00+00:00,3.30699992179871
2018-11-03 00:00:00+00:00,3.30599999427795
2018-11-05 00:00:00+00:00,3.32200002670288
2018-11-06 00:00:00+00:00,3.40700006484985
2018-11-07 00:00:00+00:00,3.33999991416931
2018-11-08 00:00:00+00:00,3.39800000190735
2018-11-09 00:00:00+00:00,3.3970000743866
2018-11-10 00:00:00+00:00,3.41400003433228
2018-11-11 00:00:00+00:00,3.39800000190735
2018-11-12 00:00:00+00:00,3.44799995422363
2018-11-13 00:00:00+00:00,3.44899988174438
2018-11-14 00:00:00+00:00,3.50399994850159
2018-11-15 00:00:00+00:00,3.4909999370575
2018-11-16 00:00:00+00:00,3.49200010299683
2018-11-17 00:00:00+00:00,3.49000000953674
2018-11-18 00:00:00+00:00,3.49000000953674
2018-11-19 00:00:00+00:00,3.5789999961853
2018-11-20 00:00:00+00:00,3.62100005149841
2018-11-21 00:00:00+00:00,3.48399996757507
2018-11-22 00:00:00+00:00,3.43700003623962
2018-11-23 00:00:00+00:00,3.41499996185303
2018-11-24 00:00:00+00:00,3.44899988174438
2018-11-26 00:00:00+00:00,3.26500010490417
2018-11-27 00:00:00+00:00,3.28999996185303
2018-11-28 00:00:00+00:00,3.26300001144409
2018-11-29 00:00:00+00:00,3.20000004768372
2018-11-30 00:00:00+00:00,3.21199989318848
2018-12-01 00:00:00+00:00,3.21300005912781
2018-12-03 00:00:00+00:00,3.13800001144409
2018-12-04 00:00:00+00:00,3.15100002288818
2018-12-05 00:00:00+00:00,3.06599998474121
2018-12-06 00:00:00+00:00,3.19700002670288
2018-12-07 00:00:00+00:00,3.13199996948242
2018-12-08 00:00:00+00:00,3.13000011444092
2018-12-10 00:00:00+00:00,3.09500002861023
2018-12-11 00:00:00+00:00,3.11800003051758
2018-12-12 00:00:00+00:00,3.01099991798401
2018-12-13 00:00:00+00:00,2.96700000762939
2018-12-14 00:00:00+00:00,2.94600009918213
2018-12-15 00:00:00+00:00,2.96700000762939
2018-12-17 00:00:00+00:00,2.9539999961853
2018-12-18 00:00:00+00:00,2.94300007820129
2018-12-19 00:00:00+00:00,2.78600001335144
2018-12-20 00:00:00+00:00,2.73799991607666
2018-12-21 00:00:00+00:00,2.82299995422363
2018-12-24 00:00:00+00:00,2.8510000705719
2018-12-25 00:00:00+00:00,2.84999990463257
2018-12-27 00:00:00+00:00,2.74900007247925
2018-12-28 00:00:00+00:00,2.75200009346008
2018-12-29 00:00:00+00:00,2.7960000038147
2018-12-31 00:00:00+00:00,2.77300000190735
2019-01-01 00:00:00+00:00,2.74900007247925
2019-01-02 00:00:00+00:00,2.69099998474121
2019-01-03 00:00:00+00:00,2.88800001144409
2019-01-04 00:00:00+00:00,2.89199995994568
2019-01-05 00:00:00+00:00,2.90899991989136
2019-01-06 00:00:00+00:00,2.89100003242493
2019-01-07 00:00:00+00:00,2.90400004386902
2019-01-08 00:00:00+00:00,2.96499991416931
2019-01-09 00:00:00+00:00,2.8989999294281
2019-01-10 00:00:00+00:00,2.89400005340576
2019-01-11 00:00:00+00:00,2.86500000953674
2019-01-12 00:00:00+00:00,2.91000008583069
2019-01-14 00:00:00+00:00,2.84899997711182
2019-01-15 00:00:00+00:00,2.86899995803833
2019-01-16 00:00:00+00:00,2.7590000629425
2019-01-17 00:00:00+00:00,2.75999999046326
2019-01-18 00:00:00+00:00,2.73399996757507
2019-01-19 00:00:00+00:00,2.73499989509583
2019-01-21 00:00:00+00:00,2.75799989700317
2019-01-22 00:00:00+00:00,2.75099992752075
2019-01-23 00:00:00+00:00,2.75500011444092
2019-01-24 00:00:00+00:00,2.6710000038147
2019-01-25 00:00:00+00:00,2.6489999294281
2019-01-26 00:00:00+00:00,2.69700002670288
2019-01-27 00:00:00+00:00,2.64800000190735
2019-01-28 00:00:00+00:00,2.66799998283386
2019-01-29 00:00:00+00:00,2.6340000629425
2019-01-30 00:00:00+00:00,2.59999990463257
2019-01-31 00:00:00+00:00,2.59200000762939
2019-02-01 00:00:00+00:00,2.73399996757507
2019-02-02 00:00:00+00:00,2.73200011253357
2019-02-04 00:00:00+00:00,2.75300002098083
2019-02-05 00:00:00+00:00,2.79500007629395
2019-02-06 00:00:00+00:00,2.83699989318848
2019-02-07 00:00:00+00:00,2.94799995422363
2019-02-08 00:00:00+00:00,2.97699999809265
2019-02-09 00:00:00+00:00,2.97000002861023
2019-02-11 00:00:00+00:00,2.89000010490417
2019-02-12 00:00:00+00:00,2.84400010108948
2019-02-13 00:00:00+00:00,2.78500008583069
2019-02-14 00:00:00+00:00,2.80599999427795
2019-02-15 00:00:00+00:00,2.79999995231628
2019-02-16 00:00:00+00:00,2.81900000572205
2019-02-17 00:00:00+00:00,2.80200004577637
2019-02-18 00:00:00+00:00,2.76799988746643
2019-02-19 00:00:00+00:00,2.78699994087219
2019-02-20 00:00:00+00:00,2.85999989509583
2019-02-21 00:00:00+00:00,2.8289999961853
2019-02-22 00:00:00+00:00,2.8529999256134
2019-02-23 00:00:00+00:00,2.875
2019-02-25 00:00:00+00:00,2.76500010490417
2019-02-26 00:00:00+00:00,2.71099996566772
2019-02-27 00:00:00+00:00,2.78399991989136
2019-02-28 00:00:00+00:00,2.75999999046326
2019-03-01 00:00:00+00:00,2.73300004005432
2019-03-02 00:00:00+00:00,2.77900004386902
2019-03-03 00:00:00+00:00,2.73300004005432
2019-03-04 00:00:00+00:00,2.73600006103516
2019-03-05 00:00:00+00:00,2.70700001716614
2019-03-06 00:00:00+00:00,2.61400008201599
2019-03-07 00:00:00+00:00,2.48699998855591
2019-03-08 00:00:00+00:00,2.50600004196167
2019-03-09 00:00:00+00:00,2.5239999294281
2019-03-11 00:00:00+00:00,2.56299996376038
2019-03-12 00:00:00+00:00,2.53900003433228
2019-03-13 00:00:00+00:00,2.55999994277954
2019-03-14 00:00:00+00:00,2.49900007247925
2019-03-15 00:00:00+00:00,2.49799990653992
2019-03-16 00:00:00+00:00,2.51600003242493
2019-03-17 00:00:00+00:00,2.50399994850159
2019-03-18 00:00:00+00:00,2.46199989318848
2019-03-19 00:00:00+00:00,2.48699998855591
2019-03-20 00:00:00+00:00,2.51099991798401
2019-03-21 00:00:00+00:00,2.44300007820129
2019-03-22 00:00:00+00:00,2.44899988174438
2019-03-23 00:00:00+00:00,2.46300005912781
2019-03-25 00:00:00+00:00,2.51600003242493
2019-03-26 00:00:00+00:00,2.47000002861023
2019-03-27 00:00:00+00:00,2.43799996376038
2019-03-28 00:00:00+00:00,2.47699999809265
2019-03-29 00:00:00+00:00,2.48300004005432
2019-03-30 00:00:00+00:00,2.48099994659424
2019-04-01 00:00:00+00:00,2.51600003242493
2019-04-02 00:00:00+00:00,2.52999997138977
2019-04-03 00:00:00+00:00,2.54500007629395
2019-04-04 00:00:00+00:00,2.5090000629425
2019-04-05 00:00:00+00:00,2.47000002861023
2019-04-07 00:00:00+00:00,2.4779999256134
2019-04-08 00:00:00+00:00,2.63800001144409
2019-04-09 00:00:00+00:00,2.57699990272522
2019-04-10 00:00:00+00:00,2.55599999427795
2019-04-11 00:00:00+00:00,2.51300001144409
2019-04-12 00:00:00+00:00,2.54399991035461
2019-04-13 00:00:00+00:00,2.54500007629395
2019-04-15 00:00:00+00:00,2.58500003814697
2019-04-16 00:00:00+00:00,2.59599995613098
2019-04-17 00:00:00+00:00,2.6159999370575
2019-04-18 00:00:00+00:00,2.61199998855591
2019-04-21 00:00:00+00:00,2.59699988365173
2019-04-23 00:00:00+00:00,2.6800000667572
2019-04-24 00:00:00+00:00,2.6800000667572
2019-04-25 00:00:00+00:00,2.69199991226196
2019-04-26 00:00:00+00:00,2.58100008964539
2019-04-27 00:00:00+00:00,2.58299994468689
2019-04-29 00:00:00+00:00,2.58800005912781
2019-04-30 00:00:00+00:00,2.56500005722046
2019-05-02 00:00:00+00:00,2.55399990081787
2019-05-03 00:00:00+00:00,2.5550000667572
2019-05-05 00:00:00+00:00,2.55299997329712
2019-05-06 00:00:00+00:00,2.59800004959106
2019-05-07 00:00:00+00:00,2.63199996948242
2019-05-08 00:00:00+00:00,2.60400009155273
2019-05-09 00:00:00+00:00,2.67700004577637
2019-05-10 00:00:00+00:00,2.68499994277954
2019-05-13 00:00:00+00:00,2.71900010108948
2019-05-14 00:00:00+00:00,2.73900008201599
2019-05-15 00:00:00+00:00,2.74699997901917
2019-05-16 00:00:00+00:00,2.68499994277954
2019-05-17 00:00:00+00:00,2.67300009727478
2019-05-19 00:00:00+00:00,2.67300009727478
2019-05-20 00:00:00+00:00,2.70499992370605
2019-05-21 00:00:00+00:00,2.64299988746643
2019-05-22 00:00:00+00:00,2.6340000629425
2019-05-23 00:00:00+00:00,2.63899993896484
2019-05-24 00:00:00+00:00,2.54999995231628
2019-05-25 00:00:00+00:00,2.55699992179871
2019-05-27 00:00:00+00:00,2.65799999237061
2019-05-28 00:00:00+00:00,2.68799996376038
2019-05-29 00:00:00+00:00,2.64499998092651
2019-05-30 00:00:00+00:00,2.6489999294281
2019-05-31 00:00:00+00:00,2.66300010681152
2019-06-02 00:00:00+00:00,2.65799999237061
2019-06-03 00:00:00+00:00,2.57399988174438
2019-06-04 00:00:00+00:00,2.52500009536743
2019-06-05 00:00:00+00:00,2.48699998855591
2019-06-06 00:00:00+00:00,2.4909999370575
2019-06-07 00:00:00+00:00,2.36100006103516
2019-06-10 00:00:00+00:00,2.36800003051758
2019-06-11 00:00:00+00:00,2.38199996948242
2019-06-12 00:00:00+00:00,2.36899995803833
2019-06-13 00:00:00+00:00,2.36999988555908
2019-06-14 00:00:00+00:00,2.33999991416931
2019-06-16 00:00:00+00:00,2.31900000572205
2019-06-17 00:00:00+00:00,2.28900003433228
2019-06-18 00:00:00+00:00,2.10500001907349
2019-06-19 00:00:00+00:00,2.12100005149841
2019-06-20 00:00:00+00:00,2.15100002288818
2019-06-21 00:00:00+00:00,2.16300010681152
2019-06-24 00:00:00+00:00,2.16000008583069
2019-06-25 00:00:00+00:00,2.15700006484985
2019-06-26 00:00:00+00:00,2.14299988746643
2019-06-27 00:00:00+00:00,2.13299989700317
2019-06-28 00:00:00+00:00,2.08999991416931
2019-06-29 00:00:00+00:00,2.08999991416931
2019-07-01 00:00:00+00:00,2.00099992752075
2019-07-02 00:00:00+00:00,1.85699999332428
2019-07-03 00:00:00+00:00,1.61199998855591
2019-07-04 00:00:00+00:00,1.6690000295639
2019-07-05 00:00:00+00:00,1.74600005149841
2019-07-07 00:00:00+00:00,1.74399995803833
2019-07-08 00:00:00+00:00,1.77999997138977
2019-07-09 00:00:00+00:00,1.74100005626678
2019-07-10 00:00:00+00:00,1.74100005626678
2019-07-11 00:00:00+00:00,1.7150000333786
2019-07-12 00:00:00+00:00,1.73300004005432
2019-07-13 00:00:00+00:00,1.73199999332428
2019-07-15 00:00:00+00:00,1.63999998569489
2019-07-16 00:00:00+00:00,1.61199998855591
2019-07-17 00:00:00+00:00,1.60399997234344
2019-07-18 00:00:00+00:00,1.55799996852875
2019-07-19 00:00:00+00:00,1.60399997234344
2019-07-20 00:00:00+00:00,1.60800004005432
2019-07-22 00:00:00+00:00,1.66700005531311
2019-07-23 00:00:00+00:00,1.60300004482269
2019-07-24 00:00:00+00:00,1.49699997901917
2019-07-25 00:00:00+00:00,1.52400004863739
2019-07-26 00:00:00+00:00,1.57500004768372
2019-07-27 00:00:00+00:00,1.56900000572205
2019-07-29 00:00:00+00:00,1.5809999704361
2019-07-30 00:00:00+00:00,1.58299994468689
2019-07-31 00:00:00+00:00,1.54700005054474
2019-08-01 00:00:00+00:00,1.56400001049042
2019-08-02 00:00:00+00:00,1.54100000858307
2019-08-05 00:00:00+00:00,1.56400001049042
2019-08-06 00:00:00+00:00,1.50899994373322
2019-08-07 00:00:00+00:00,1.43299996852875
2019-08-08 00:00:00+00:00,1.53799998760223
2019-08-09 00:00:00+00:00,1.82599997520447
2019-08-10 00:00:00+00:00,1.81700003147125
2019-08-12 00:00:00+00:00,1.73599994182587
2019-08-13 00:00:00+00:00,1.62000000476837
2019-08-14 00:00:00+00:00,1.51499998569489
2019-08-15 00:00:00+00:00,1.34200000762939
2019-08-16 00:00:00+00:00,1.35399997234344
2019-08-18 00:00:00+00:00,1.40199995040894
2019-08-19 00:00:00+00:00,1.43099999427795
2019-08-20 00:00:00+00:00,1.37199997901917
2019-08-21 00:00:00+00:00,1.33700001239777
2019-08-22 00:00:00+00:00,1.33200001716614
2019-08-23 00:00:00+00:00,1.317999958992
2019-08-24 00:00:00+00:00,1.31299996376038
2019-08-26 00:00:00+00:00,1.33299994468689
2019-08-27 00:00:00+00:00,1.13800001144409
2019-08-28 00:00:00+00:00,1.04799997806549
2019-08-29 00:00:00+00:00,0.99000000953674
2019-08-30 00:00:00+00:00,1.03299999237061
2019-09-02 00:00:00+00:00,0.97100001573563
2019-09-03 00:00:00+00:00,0.86199998855591
2019-09-04 00:00:00+00:00,0.82200002670288
2019-09-05 00:00:00+00:00,0.93800002336502
2019-09-06 00:00:00+00:00,0.88300001621246
2019-09-08 00:00:00+00:00,0.88499999046326
2019-09-09 00:00:00+00:00,0.9549999833107
2019-09-10 00:00:00+00:00,1.02600002288818
2019-09-11 00:00:00+00:00,0.97600001096725
2019-09-12 00:00:00+00:00,0.84399998188019
2019-09-13 00:00:00+00:00,0.87000000476837
2019-09-16 00:00:00+00:00,0.85299998521805
2019-09-17 00:00:00+00:00,0.92900002002716
2019-09-18 00:00:00+00:00,0.86799997091293
2019-09-19 00:00:00+00:00,0.88800001144409
2019-09-20 00:00:00+00:00,0.9210000038147
2019-09-23 00:00:00+00:00,0.83399999141693
2019-09-24 00:00:00+00:00,0.8309999704361
2019-09-25 00:00:00+00:00,0.83499997854233
2019-09-26 00:00:00+00:00,0.8289999961853
2019-09-27 00:00:00+00:00,0.8289999961853
2019-09-28 00:00:00+00:00,0.82700002193451
2019-09-30 00:00:00+00:00,0.82800000905991
2019-10-01 00:00:00+00:00,0.85600000619888
2019-10-02 00:00:00+00:00,0.89600002765656
2019-10-03 00:00:00+00:00,0.82800000905991
2019-10-04 00:00:00+00:00,0.8309999704361
2019-10-07 00:00:00+00:00,0.9549999833107
2019-10-08 00:00:00+00:00,0.94800001382828
2019-10-09 00:00:00+00:00,0.97399997711182
2019-10-10 00:00:00+00:00,1.05900001525879
2019-10-11 00:00:00+00:00,1.05599999427795
2019-10-14 00:00:00+00:00,1.01999998092651
2019-10-15 00:00:00+00:00,1.0349999666214
2019-10-16 00:00:00+00:00,1.02799999713898
2019-10-17 00:00:00+00:00,0.99500000476837
2019-10-18 00:00:00+00:00,1.02999997138977
2019-10-21 00:00:00+00:00,1.08899998664856
2019-10-22 00:00:00+00:00,1.02999997138977
2019-10-23 00:00:00+00:00,1.04200005531311
2019-10-24 00:00:00+00:00,1.00999999046326
2019-10-25 00:00:00+00:00,1.04700005054474
2019-10-28 00:00:00+00:00,1.10300004482269
2019-10-29 00:00:00+00:00,1.09700000286102
2019-10-30 00:00:00+00:00,1.09399998188019
2019-10-31 00:00:00+00:00,1.02799999713898
2019-11-01 00:00:00+00:00,1.09700000286102
2019-11-04 00:00:00+00:00,1.09399998188019
2019-11-05 00:00:00+00:00,1.11300003528595
2019-11-06 00:00:00+00:00,1.12399995326996
2019-11-07 00:00:00+00:00,1.25
2019-11-08 00:00:00+00:00,1.27199995517731
2019-11-09 00:00:00+00:00,1.27649998664856
2019-11-11 00:00:00+00:00,1.34200000762939
2019-11-12 00:00:00+00:00,1.30400002002716
2019-11-13 00:00:00+00:00,1.33299994468689
2019-11-14 00:00:00+00:00,1.43299996852875
2019-11-15 00:00:00+00:00,1.33000004291534
2019-11-16 00:00:00+00:00,1.32550001144409
2019-11-18 00:00:00+00:00,1.2940000295639
2019-11-19 00:00:00+00:00,1.3309999704361
2019-11-20 00:00:00+00:00,1.30099999904633
2019-11-21 00:00:00+00:00,1.28199994564056
2019-11-22 00:00:00+00:00,1.29700005054474
2019-11-25 00:00:00+00:00,1.27799999713898
2019-11-26 00:00:00+00:00,1.27400004863739
2019-11-27 00:00:00+00:00,1.32299995422363
2019-11-28 00:00:00+00:00,1.34899997711182
2019-11-29 00:00:00+00:00,1.33800005912781
2019-12-02 00:00:00+00:00,1.44599997997284
2019-12-03 00:00:00+00:00,1.38499999046326
2019-12-04 00:00:00+00:00,1.38100004196167
2019-12-05 00:00:00+00:00,1.48300004005432
2019-12-06 00:00:00+00:00,1.44700002670288
2019-12-07 00:00:00+00:00,1.44599997997284
2019-12-09 00:00:00+00:00,1.39100003242493
2019-12-10 00:00:00+00:00,1.34800004959106
2019-12-11 00:00:00+00:00,1.32099997997284
2019-12-12 00:00:00+00:00,1.34200000762939
2019-12-13 00:00:00+00:00,1.25800001621246
2019-12-16 00:00:00+00:00,1.29900002479553
2019-12-17 00:00:00+00:00,1.27499997615814
2019-12-18 00:00:00+00:00,1.33800005912781
2019-12-19 00:00:00+00:00,1.39600002765656
2019-12-20 00:00:00+00:00,1.4210000038147
2019-12-23 00:00:00+00:00,1.43900001049042
2019-12-24 00:00:00+00:00,1.50600004196167
2019-12-25 00:00:00+00:00,1.42949998378754
2019-12-26 00:00:00+00:00,1.42499995231628
2019-12-27 00:00:00+00:00,1.39600002765656
2019-12-30 00:00:00+00:00,1.42200005054474
2019-12-31 00:00:00+00:00,1.42700004577637
2020-01-01 00:00:00+00:00,1.40699994564056
2020-01-02 00:00:00+00:00,1.42499995231628
2020-01-03 00:00:00+00:00,1.34500002861023
2020-01-06 00:00:00+00:00,1.35800004005432
2020-01-07 00:00:00+00:00,1.38900005817413
2020-01-08 00:00:00+00:00,1.40699994564056
2020-01-09 00:00:00+00:00,1.37999999523163
2020-01-10 00:00:00+00:00,1.33200001716614
2020-01-13 00:00:00+00:00,1.38499999046326
2020-01-14 00:00:00+00:00,1.38999998569489
2020-01-15 00:00:00+00:00,1.38999998569489
2020-01-16 00:00:00+00:00,1.43799996376038
2020-01-17 00:00:00+00:00,1.3860000371933
2020-01-20 00:00:00+00:00,1.36000001430511
2020-01-21 00:00:00+00:00,1.36600005626678
2020-01-22 00:00:00+00:00,1.35199999809265
2020-01-23 00:00:00+00:00,1.25499999523163
2020-01-24 00:00:00+00:00,1.23000001907349
2020-01-27 00:00:00+00:00,1.04299998283386
2020-01-28 00:00:00+00:00,1.02799999713898
2020-01-29 00:00:00+00:00,0.96299999952316
2020-01-30 00:00:00+00:00,0.93900001049042
2020-01-31 00:00:00+00:00,0.92400002479553
2020-02-03 00:00:00+00:00,0.95700001716614
2020-02-04 00:00:00+00:00,0.94800001382828
2020-02-05 00:00:00+00:00,0.96700000762939
2020-02-06 00:00:00+00:00,0.96899998188019
2020-02-07 00:00:00+00:00,0.94800001382828
2020-02-10 00:00:00+00:00,0.95200002193451
2020-02-11 00:00:00+00:00,0.97200000286102
2020-02-12 00:00:00+00:00,0.92199999094009
2020-02-13 00:00:00+00:00,0.89600002765656
2020-02-14 00:00:00+00:00,0.92400002479553
2020-02-17 00:00:00+00:00,0.90600001811981
2020-02-18 00:00:00+00:00,0.92900002002716
2020-02-19 00:00:00+00:00,0.94199997186661
2020-02-20 00:00:00+00:00,0.91299998760223
2020-02-21 00:00:00+00:00,0.90700000524521
2020-02-22 00:00:00+00:00,0.90950000286102
2020-02-24 00:00:00+00:00,0.96799999475479
2020-02-25 00:00:00+00:00,0.98199999332428
2020-02-26 00:00:00+00:00,0.99400001764297
2020-02-27 00:00:00+00:00,1.07400000095367
2020-02-28 00:00:00+00:00,1.12699997425079
2020-03-02 00:00:00+00:00,1.15400004386902
2020-03-03 00:00:00+00:00,0.98500001430511
2020-03-04 00:00:00+00:00,1.01699995994568
2020-03-05 00:00:00+00:00,1.067999958992
2020-03-06 00:00:00+00:00,1.0789999961853
2020-03-07 00:00:00+00:00,1.05050003528595
2020-03-09 00:00:00+00:00,1.40799999237061
2020-03-10 00:00:00+00:00,1.3860000371933
2020-03-11 00:00:00+00:00,1.18599998950958
2020-03-12 00:00:00+00:00,1.89499998092651
2020-03-13 00:00:00+00:00,1.80499994754791
2020-03-16 00:00:00+00:00,2.16400003433228
2020-03-17 00:00:00+00:00,2.39100003242493
2020-03-18 00:00:00+00:00,2.49499988555908
2020-03-19 00:00:00+00:00,1.81900000572205
2020-03-20 00:00:00+00:00,1.63499999046326
2020-03-23 00:00:00+00:00,1.60500001907349
2020-03-24 00:00:00+00:00,1.59200000762939
2020-03-25 00:00:00+00:00,1.57599997520447
2020-03-26 00:00:00+00:00,1.24300003051758
2020-03-27 00:00:00+00:00,1.33399999141693
2020-03-30 00:00:00+00:00,1.48599994182587
2020-03-31 00:00:00+00:00,1.53400003910065
2020-04-01 00:00:00+00:00,1.54700005054474
2020-04-02 00:00:00+00:00,1.49199998378754
2020-04-03 00:00:00+00:00,1.54200005531311
2020-04-06 00:00:00+00:00,1.54200005531311
2020-04-07 00:00:00+00:00,1.60199999809265
2020-04-08 00:00:00+00:00,1.65600001811981
2020-04-09 00:00:00+00:00,1.59899997711182
2020-04-10 00:00:00+00:00,1.59200000762939
2020-04-13 00:00:00+00:00,1.58749997615814
2020-04-14 00:00:00+00:00,1.78900003433228
2020-04-15 00:00:00+00:00,1.90799999237061
2020-04-16 00:00:00+00:00,1.85699999332428
2020-04-17 00:00:00+00:00,1.78999996185303
2020-04-20 00:00:00+00:00,1.95200002193451
2020-04-21 00:00:00+00:00,1.97800004482269
2020-04-22 00:00:00+00:00,2.10700011253357
2020-04-23 00:00:00+00:00,2.00600004196167
2020-04-24 00:00:00+00:00,1.88999998569489
2020-04-27 00:00:00+00:00,1.75899994373322
2020-04-28 00:00:00+00:00,1.73500001430511
2020-04-29 00:00:00+00:00,1.76900005340576
2020-04-30 00:00:00+00:00,1.77699995040894
2020-05-01 00:00:00+00:00,1.78299999237061
2020-05-04 00:00:00+00:00,1.75499999523163
2020-05-05 00:00:00+00:00,1.87399995326996
2020-05-06 00:00:00+00:00,1.97800004482269
2020-05-07 00:00:00+00:00,1.90299999713898
2020-05-08 00:00:00+00:00,1.83899998664856
2020-05-11 00:00:00+00:00,1.88699996471405
2020-05-12 00:00:00+00:00,1.89199995994568
2020-05-13 00:00:00+00:00,1.807000041008
2020-05-14 00:00:00+00:00,1.82200002670288
2020-05-15 00:00:00+00:00,1.85399997234344
2020-05-18 00:00:00+00:00,1.70299994945526
2020-05-19 00:00:00+00:00,1.64699995517731
2020-05-20 00:00:00+00:00,1.63499999046326
2020-05-21 00:00:00+00:00,1.63399994373322
2020-05-22 00:00:00+00:00,1.60599994659424
2020-05-23 00:00:00+00:00,1.59449994564056
2020-05-25 00:00:00+00:00,1.58800005912781
2020-05-26 00:00:00+00:00,1.55299997329712
2020-05-27 00:00:00+00:00,1.49100005626678
2020-05-28 00:00:00+00:00,1.43499994277954
2020-05-29 00:00:00+00:00,1.49100005626678
2020-06-01 00:00:00+00:00,1.46899998188019
2020-06-02 00:00:00+00:00,1.50899994373322
2020-06-03 00:00:00+00:00,1.55200004577637
2020-06-04 00:00:00+00:00,1.41999995708466
2020-06-05 00:00:00+00:00,1.42200005054474
2020-06-08 00:00:00+00:00,1.40699994564056
2020-06-09 00:00:00+00:00,1.46300005912781
2020-06-10 00:00:00+00:00,1.51400005817413
2020-06-11 00:00:00+00:00,1.48500001430511
2020-06-12 00:00:00+00:00,1.41799998283386
2020-06-13 00:00:00+00:00,1.40750002861023
2020-06-15 00:00:00+00:00,1.40100002288818
2020-06-16 00:00:00+00:00,1.36199998855591
2020-06-17 00:00:00+00:00,1.375
2020-06-18 00:00:00+00:00,1.34300005435944
2020-06-19 00:00:00+00:00,1.32299995422363
2020-06-20 00:00:00+00:00,1.32249999046326
2020-06-22 00:00:00+00:00,1.35699999332428
2020-06-23 00:00:00+00:00,1.33399999141693
2020-06-24 00:00:00+00:00,1.3400000333786
2020-06-25 00:00:00+00:00,1.36800003051758
2020-06-26 00:00:00+00:00,1.37199997901917
2020-06-27 00:00:00+00:00,1.36150002479553
2020-06-29 00:00:00+00:00,1.3639999628067
2020-06-30 00:00:00+00:00,1.32700002193451
2020-07-01 00:00:00+00:00,1.34300005435944
2020-07-02 00:00:00+00:00,1.28600001335144
2020-07-03 00:00:00+00:00,1.33000004291534
2020-07-06 00:00:00+00:00,1.30799996852875
2020-07-07 00:00:00+00:00,1.28799998760223
2020-07-08 00:00:00+00:00,1.27499997615814
2020-07-09 00:00:00+00:00,1.28199994564056
2020-07-10 00:00:00+00:00,1.28799998760223
2020-07-13 00:00:00+00:00,1.30799996852875
2020-07-14 00:00:00+00:00,1.27699995040894
2020-07-15 00:00:00+00:00,1.26999998092651
2020-07-16 00:00:00+00:00,1.24300003051758
2020-07-17 00:00:00+00:00,1.24000000953674
2020-07-19 00:00:00+00:00,1.23249995708466
2020-07-20 00:00:00+00:00,1.15799999237061
2020-07-21 00:00:00+00:00,1.13900005817413
2020-07-22 00:00:00+00:00,1.10000002384186
2020-07-23 00:00:00+00:00,1.04799997806549
2020-07-24 00:00:00+00:00,1.07099997997284
2020-07-27 00:00:00+00:00,1.04900002479553
2020-07-28 00:00:00+00:00,1.07500004768372
2020-07-29 00:00:00+00:00,1.06299996376038
2020-07-30 00:00:00+00:00,1.03299999237061
2020-07-31 00:00:00+00:00,1.07700002193451
2020-08-03 00:00:00+00:00,1.07500004768372
2020-08-04 00:00:00+00:00,1.01900005340576
2020-08-05 00:00:00+00:00,1.03999996185303
2020-08-06 00:00:00+00:00,0.99000000953674
2020-08-07 00:00:00+00:00,0.98699998855591
2020-08-10 00:00:00+00:00,0.98500001430511
2020-08-11 00:00:00+00:00,1.01400005817413
2020-08-12 00:00:00+00:00,1.02699995040894
2020-08-13 00:00:00+00:00,1.07700002193451
2020-08-14 00:00:00+00:00,1.05599999427795
2020-08-17 00:00:00+00:00,1.00399994850159
2020-08-18 00:00:00+00:00,0.99299997091293
2020-08-19 00:00:00+00:00,0.97899997234344
2020-08-20 00:00:00+00:00,0.98000001907349
2020-08-21 00:00:00+00:00,1.00600004196167
2020-08-24 00:00:00+00:00,1.00699996948242
2020-08-25 00:00:00+00:00,1.09599995613098
2020-08-26 00:00:00+00:00,1.08599996566772
2020-08-27 00:00:00+00:00,1.08599996566772
2020-08-28 00:00:00+00:00,1.10199999809265
2020-08-31 00:00:00+00:00,1.15900003910065
2020-09-01 00:00:00+00:00,1.10699999332428
2020-09-02 00:00:00+00:00,1.0349999666214
2020-09-03 00:00:00+00:00,1.06200003623962
2020-09-04 00:00:00+00:00,1.08299994468689
2020-09-07 00:00:00+00:00,1.12000000476837
2020-09-08 00:00:00+00:00,1.10300004482269
2020-09-09 00:00:00+00:00,1.09099996089935
2020-09-10 00:00:00+00:00,1.07500004768372
2020-09-11 00:00:00+00:00,1.04100000858307
2020-09-14 00:00:00+00:00,1.02100002765656
2020-09-15 00:00:00+00:00,0.9990000128746
2020-09-16 00:00:00+00:00,0.97299998998642
2020-09-17 00:00:00+00:00,0.9559999704361
2020-09-18 00:00:00+00:00,0.96899998188019
2020-09-21 00:00:00+00:00,0.94099998474121
2020-09-22 00:00:00+00:00,0.86699998378754
2020-09-23 00:00:00+00:00,0.85199999809265
2020-09-24 00:00:00+00:00,0.87800002098083
2020-09-25 00:00:00+00:00,0.89800000190735
2020-09-28 00:00:00+00:00,0.88099998235703
2020-09-29 00:00:00+00:00,0.85500001907349
2020-09-30 00:00:00+00:00,0.87000000476837
2020-10-01 00:00:00+00:00,0.83300000429153
2020-10-02 00:00:00+00:00,0.78899997472763
2020-10-05 00:00:00+00:00,0.80000001192093
2020-10-06 00:00:00+00:00,0.783999979496
2020-10-07 00:00:00+00:00,0.78600001335144
2020-10-08 00:00:00+00:00,0.75800001621246
2020-10-09 00:00:00+00:00,0.71399998664856
2020-10-12 00:00:00+00:00,0.67400002479553
2020-10-13 00:00:00+00:00,0.66399997472763
2020-10-14 00:00:00+00:00,0.65799999237061
2020-10-15 00:00:00+00:00,0.69499999284744
2020-10-16 00:00:00+00:00,0.65499997138977
2020-10-19 00:00:00+00:00,0.71799999475479
2020-10-20 00:00:00+00:00,0.74000000953674
2020-10-21 00:00:00+00:00,0.74500000476837
2020-10-22 00:00:00+00:00,0.80299997329712
2020-10-23 00:00:00+00:00,0.76399999856949
2020-10-26 00:00:00+00:00,0.73100000619888
2020-10-27 00:00:00+00:00,0.7039999961853
2020-10-28 00:00:00+00:00,0.76800000667572
2020-10-29 00:00:00+00:00,0.70099997520447
2020-10-30 00:00:00+00:00,0.71799999475479
2020-11-02 00:00:00+00:00,0.716000020504
2020-11-03 00:00:00+00:00,0.69900000095367
2020-11-04 00:00:00+00:00,0.66100001335144
2020-11-05 00:00:00+00:00,0.63300001621246
2020-11-06 00:00:00+00:00,0.61799997091293
2020-11-09 00:00:00+00:00,0.72000002861023
2020-11-10 00:00:00+00:00,0.72399997711182
2020-11-11 00:00:00+00:00,0.69999998807907
2020-11-12 00:00:00+00:00,0.64999997615814
2020-11-13 00:00:00+00:00,0.63599997758865
2020-11-16 00:00:00+00:00,0.61599999666214
2020-11-17 00:00:00+00:00,0.60299998521805
2020-11-18 00:00:00+00:00,0.61500000953674
2020-11-19 00:00:00+00:00,0.61000001430511
2020-11-20 00:00:00+00:00,0.59899997711182
2020-11-21 00:00:00+00:00,0.59750002622604
2020-11-23 00:00:00+00:00,0.59600001573563
2020-11-24 00:00:00+00:00,0.57300001382828
2020-11-25 00:00:00+00:00,0.57700002193451
2020-11-26 00:00:00+00:00,0.56599998474121
2020-11-27 00:00:00+00:00,0.56000000238419
2020-11-30 00:00:00+00:00,0.58499997854233
2020-12-01 00:00:00+00:00,0.64200001955032
2020-12-02 00:00:00+00:00,0.60399997234344
2020-12-03 00:00:00+00:00,0.56699997186661
2020-12-04 00:00:00+00:00,0.59299999475479
2020-12-07 00:00:00+00:00,0.57700002193451
2020-12-08 00:00:00+00:00,0.55099999904633
2020-12-09 00:00:00+00:00,0.54199999570847
2020-12-10 00:00:00+00:00,0.52700001001358
2020-12-11 00:00:00+00:00,0.52200001478195
2020-12-14 00:00:00+00:00,0.51099997758865
2020-12-15 00:00:00+00:00,0.483000010252
2020-12-16 00:00:00+00:00,0.50400000810623
2020-12-17 00:00:00+00:00,0.50599998235703
2020-12-18 00:00:00+00:00,0.53600001335144
2020-12-21 00:00:00+00:00,0.54299998283386
2020-12-22 00:00:00+00:00,0.52200001478195
2020-12-23 00:00:00+00:00,0.56199997663498
2020-12-24 00:00:00+00:00,0.56400001049042
2020-12-25 00:00:00+00:00,0.55699998140335
2020-12-28 00:00:00+00:00,0.50900000333786
2020-12-29 00:00:00+00:00,0.52200001478195
2020-12-30 00:00:00+00:00,0.52499997615814
2020-12-31 00:00:00+00:00,0.52100002765656
2021-01-01 00:00:00+00:00,0.50300002098083
2021-01-04 00:00:00+00:00,0.51999998092651
2021-01-05 00:00:00+00:00,0.53200000524521
2021-01-06 00:00:00+00:00,0.54100000858307
2021-01-07 00:00:00+00:00,0.53100001811981
2021-01-08 00:00:00+00:00,0.49799999594688
2021-01-11 00:00:00+00:00,0.54000002145767
2021-01-12 00:00:00+00:00,0.63999998569489
2021-01-13 00:00:00+00:00,0.55699998140335
2021-01-14 00:00:00+00:00,0.60900002717972
2021-01-15 00:00:00+00:00,0.58300000429153
2021-01-18 00:00:00+00:00,0.60399997234344
2021-01-19 00:00:00+00:00,0.56000000238419
2021-01-20 00:00:00+00:00,0.58499997854233
2021-01-21 00:00:00+00:00,0.65399998426437
2021-01-22 00:00:00+00:00,0.71399998664856
2021-01-25 00:00:00+00:00,0.64700001478195
2021-01-26 00:00:00+00:00,0.61699998378754
2021-01-27 00:00:00+00:00,0.62099999189377
2021-01-28 00:00:00+00:00,0.63899999856949
2021-01-29 00:00:00+00:00,0.64300000667572
2021-02-01 00:00:00+00:00,0.6240000128746
2021-02-02 00:00:00+00:00,0.65600001811981
2021-02-03 00:00:00+00:00,0.58600002527237
2021-02-04 00:00:00+00:00,0.54799997806549
2021-02-05 00:00:00+00:00,0.54299998283386
2021-02-08 00:00:00+00:00,0.51099997758865
2021-02-09 00:00:00+00:00,0.51700001955032
2021-02-10 00:00:00+00:00,0.50499999523163
2021-02-11 00:00:00+00:00,0.4539999961853
2021-02-12 00:00:00+00:00,0.48600000143051
2021-02-15 00:00:00+00:00,0.52899998426437
2021-02-16 00:00:00+00:00,0.56900000572205
2021-02-17 00:00:00+00:00,0.58499997854233
2021-02-18 00:00:00+00:00,0.65499997138977
2021-02-19 00:00:00+00:00,0.625
2021-02-22 00:00:00+00:00,0.59899997711182
2021-02-23 00:00:00+00:00,0.64600002765656
2021-02-24 00:00:00+00:00,0.69700002670288
2021-02-25 00:00:00+00:00,0.80400002002716
2021-02-26 00:00:00+00:00,0.77100002765656
2021-03-01 00:00:00+00:00,0.66399997472763
2021-03-02 00:00:00+00:00,0.68599998950958
2021-03-03 00:00:00+00:00,0.75900000333786
2021-03-04 00:00:00+00:00,0.75599998235703
2021-03-05 00:00:00+00:00,0.77200001478195
2021-03-08 00:00:00+00:00,0.7620000243187
2021-03-09 00:00:00+00:00,0.69900000095367
2021-03-10 00:00:00+00:00,0.68199998140335
2021-03-11 00:00:00+00:00,0.60699999332428
2021-03-12 00:00:00+00:00,0.63200002908707
2021-03-15 00:00:00+00:00,0.60199999809265
2021-03-16 00:00:00+00:00,0.62699997425079
2021-03-17 00:00:00+00:00,0.70099997520447
2021-03-18 00:00:00+00:00,0.69199997186661
2021-03-19 00:00:00+00:00,0.67199999094009
2021-03-22 00:00:00+00:00,0.64800000190735
2021-03-23 00:00:00+00:00,0.60399997234344
2021-03-24 00:00:00+00:00,0.59299999475479
2021-03-25 00:00:00+00:00,0.57800000905991
2021-03-26 00:00:00+00:00,0.61400002241135
2021-03-29 00:00:00+00:00,0.64099997282028
2021-03-30 00:00:00+00:00,0.68400001525879
2021-03-31 00:00:00+00:00,0.6690000295639
2021-04-01 00:00:00+00:00,0.63200002908707
2021-04-02 00:00:00+00:00,0.62849998474121
2021-04-05 00:00:00+00:00,0.62949997186661
2021-04-06 00:00:00+00:00,0.69900000095367
2021-04-07 00:00:00+00:00,0.70099997520447
2021-04-08 00:00:00+00:00,0.66600000858307
2021-04-09 00:00:00+00:00,0.73699998855591
2021-04-12 00:00:00+00:00,0.73900002241135
2021-04-13 00:00:00+00:00,0.74599999189377
2021-04-14 00:00:00+00:00,0.78200000524521
2021-04-15 00:00:00+00:00,0.73100000619888
2021-04-16 00:00:00+00:00,0.74800002574921
2021-04-19 00:00:00+00:00,0.79299998283386
2021-04-20 00:00:00+00:00,0.78200000524521
2021-04-21 00:00:00+00:00,0.75599998235703
2021-04-22 00:00:00+00:00,0.75599998235703
2021-04-23 00:00:00+00:00,0.783999979496
2021-04-26 00:00:00+00:00,0.80000001192093
2021-04-27 00:00:00+00:00,0.82200002670288
2021-04-28 00:00:00+00:00,0.8309999704361
2021-04-29 00:00:00+00:00,0.8759999871254
2021-04-30 00:00:00+00:00,0.86000001430511
2021-05-03 00:00:00+00:00,0.83399999141693
2021-05-04 00:00:00+00:00,0.82099997997284
2021-05-05 00:00:00+00:00,0.85399997234344
2021-05-06 00:00:00+00:00,0.87199997901917
2021-05-07 00:00:00+00:00,0.91799998283386
2021-05-10 00:00:00+00:00,0.88999998569489
2021-05-11 00:00:00+00:00,0.94700002670288
2021-05-12 00:00:00+00:00,0.98400002717972
2021-05-13 00:00:00+00:00,1.01800000667572
2021-05-14 00:00:00+00:00,1.0735000371933
2021-05-17 00:00:00+00:00,1.11029994487762
2021-05-18 00:00:00+00:00,1.1065000295639
2021-05-19 00:00:00+00:00,1.11670005321503
2021-05-20 00:00:00+00:00,1.05529999732971
2021-05-21 00:00:00+00:00,1.03429996967316
2021-05-24 00:00:00+00:00,1.01999998092651
2021-05-25 00:00:00+00:00,0.9646999835968
2021-05-26 00:00:00+00:00,0.92229998111725
2021-05-27 00:00:00+00:00,0.93610000610352
2021-05-28 00:00:00+00:00,0.91549998521805
2021-05-31 00:00:00+00:00,0.91589999198914
2021-06-01 00:00:00+00:00,0.90549999475479
2021-06-02 00:00:00+00:00,0.87840002775192
2021-06-03 00:00:00+00:00,0.90030002593994
2021-06-04 00:00:00+00:00,0.87929999828339
2021-06-05 00:00:00+00:00,0.87699997425079
2021-06-07 00:00:00+00:00,0.92119997739792
2021-06-08 00:00:00+00:00,0.86540001630783
2021-06-09 00:00:00+00:00,0.83029997348785
2021-06-10 00:00:00+00:00,0.80449998378754
2021-06-11 00:00:00+00:00,0.74790000915527
2021-06-14 00:00:00+00:00,0.77829998731613
2021-06-15 00:00:00+00:00,0.79240000247955
2021-06-16 00:00:00+00:00,0.77780002355576
2021-06-17 00:00:00+00:00,0.82230001688004
2021-06-18 00:00:00+00:00,0.87370002269745
2021-06-19 00:00:00+00:00,0.87099999189377
2021-06-20 00:00:00+00:00,0.87099999189377
2021-06-21 00:00:00+00:00,0.87870001792908
2021-06-22 00:00:00+00:00,0.90240001678467
2021-06-23 00:00:00+00:00,0.89789998531342
2021-06-24 00:00:00+00:00,0.8720999956131
2021-06-25 00:00:00+00:00,0.92339998483658
2021-06-26 00:00:00+00:00,0.92250001430511
2021-06-28 00:00:00+00:00,0.87830001115799
2021-06-29 00:00:00+00:00,0.88109999895096
2021-06-30 00:00:00+00:00,0.82429999113083
2021-07-01 00:00:00+00:00,0.80699998140335
2021-07-02 00:00:00+00:00,0.77539998292923
2021-07-04 00:00:00+00:00,0.77149999141693
2021-07-05 00:00:00+00:00,0.80709999799728
2021-07-06 00:00:00+00:00,0.74970000982285
2021-07-07 00:00:00+00:00,0.74110001325607
2021-07-08 00:00:00+00:00,0.76289999485016
2021-07-09 00:00:00+00:00,0.76740002632141
2021-07-12 00:00:00+00:00,0.74049997329712
2021-07-13 00:00:00+00:00,0.7218000292778
2021-07-14 00:00:00+00:00,0.71780002117157
2021-07-15 00:00:00+00:00,0.72799998521805
2021-07-16 00:00:00+00:00,0.71350002288818
2021-07-19 00:00:00+00:00,0.708899974823
2021-07-20 00:00:00+00:00,0.68889999389648
2021-07-21 00:00:00+00:00,0.68930000066757
2021-07-22 00:00:00+00:00,0.6467000246048
2021-07-23 00:00:00+00:00,0.62870001792908
2021-07-26 00:00:00+00:00,0.63349997997284
2021-07-27 00:00:00+00:00,0.62610000371933
2021-07-28 00:00:00+00:00,0.61970001459122
2021-07-29 00:00:00+00:00,0.62349998950958
2021-07-30 00:00:00+00:00,0.62669998407364
2021-08-02 00:00:00+00:00,0.57940000295639
2021-08-03 00:00:00+00:00,0.56959998607635
2021-08-04 00:00:00+00:00,0.55620002746582
2021-08-05 00:00:00+00:00,0.53549998998642
2021-08-06 00:00:00+00:00,0.57330000400543
2021-08-09 00:00:00+00:00,0.56089997291565
2021-08-10 00:00:00+00:00,0.5518000125885
2021-08-11 00:00:00+00:00,0.57099997997284
2021-08-12 00:00:00+00:00,0.54519999027252
2021-08-13 00:00:00+00:00,0.55210000276566
2021-08-16 00:00:00+00:00,0.56779998540878
2021-08-17 00:00:00+00:00,0.57859998941422
2021-08-18 00:00:00+00:00,0.55629998445511
2021-08-19 00:00:00+00:00,0.56760001182556
2021-08-20 00:00:00+00:00,0.5475999712944
2021-08-23 00:00:00+00:00,0.58200001716614
2021-08-24 00:00:00+00:00,0.57160001993179
2021-08-25 00:00:00+00:00,0.66689997911453
2021-08-26 00:00:00+00:00,0.67059999704361
2021-08-27 00:00:00+00:00,0.63889998197556
2021-08-30 00:00:00+00:00,0.61260002851486
2021-08-31 00:00:00+00:00,0.71149998903275
2021-09-01 00:00:00+00:00,0.69470000267029
2021-09-02 00:00:00+00:00,0.67129999399185
2021-09-03 00:00:00+00:00,0.70969998836517
2021-09-06 00:00:00+00:00,0.6904000043869
2021-09-07 00:00:00+00:00,0.76120001077652
2021-09-08 00:00:00+00:00,0.75819998979568
2021-09-09 00:00:00+00:00,0.67189997434616
2021-09-10 00:00:00+00:00,0.70670002698898
2021-09-11 00:00:00+00:00,0.70450001955032
2021-09-12 00:00:00+00:00,0.70349997282028
2021-09-13 00:00:00+00:00,0.68999999761581
2021-09-14 00:00:00+00:00,0.64859998226166
2021-09-15 00:00:00+00:00,0.69969999790192
2021-09-16 00:00:00+00:00,0.69539999961853
2021-09-17 00:00:00+00:00,0.71979999542236
2021-09-18 00:00:00+00:00,0.72299998998642
2021-09-19 00:00:00+00:00,0.71799999475479
2021-09-20 00:00:00+00:00,0.71939998865128
2021-09-21 00:00:00+00:00,0.69069999456406
2021-09-22 00:00:00+00:00,0.6632000207901
2021-09-23 00:00:00+00:00,0.7189000248909
2021-09-24 00:00:00+00:00,0.78229999542236
2021-09-25 00:00:00+00:00,0.77999997138977
2021-09-27 00:00:00+00:00,0.7979000210762
2021-09-28 00:00:00+00:00,0.85710000991821
2021-09-29 00:00:00+00:00,0.82870000600815
2021-09-30 00:00:00+00:00,0.86250001192093
2021-10-01 00:00:00+00:00,0.81980001926422
2021-10-04 00:00:00+00:00,0.82789999246597
2021-10-05 00:00:00+00:00,0.86159998178482
2021-10-06 00:00:00+00:00,0.89259999990463
2021-10-07 00:00:00+00:00,0.85130000114441
2021-10-08 00:00:00+00:00,0.88129997253418
2021-10-11 00:00:00+00:00,0.91380000114441
2021-10-12 00:00:00+00:00,0.92089998722076
2021-10-13 00:00:00+00:00,0.90160000324249
2021-10-14 00:00:00+00:00,0.83700001239777
2021-10-15 00:00:00+00:00,0.87139999866486
2021-10-18 00:00:00+00:00,0.89880001544952
2021-10-19 00:00:00+00:00,0.94809997081757
2021-10-20 00:00:00+00:00,0.91689997911453
2021-10-21 00:00:00+00:00,0.95090001821518
2021-10-22 00:00:00+00:00,0.95770001411438
2021-10-23 00:00:00+00:00,0.9549999833107
2021-10-25 00:00:00+00:00,0.9171000123024
2021-10-26 00:00:00+00:00,0.94150000810623
2021-10-27 00:00:00+00:00,0.89560002088547
2021-10-28 00:00:00+00:00,1.00189995765686
2021-10-29 00:00:00+00:00,1.13359999656677
2021-10-30 00:00:00+00:00,1.12549996376038
2021-11-01 00:00:00+00:00,1.22099995613098
2021-11-02 00:00:00+00:00,1.08800005912781
2021-11-03 00:00:00+00:00,1.04799997806549
2021-11-04 00:00:00+00:00,0.93900001049042
2021-11-05 00:00:00+00:00,0.87999999523163
2021-11-08 00:00:00+00:00,0.89300000667572
2021-11-09 00:00:00+00:00,0.84500002861023
2021-11-10 00:00:00+00:00,0.93800002336502
2021-11-11 00:00:00+00:00,0.96299999952316
2021-11-12 00:00:00+00:00,0.95899999141693
2021-11-15 00:00:00+00:00,1.00300002098083
2021-11-16 00:00:00+00:00,0.97200000286102
2021-11-17 00:00:00+00:00,0.98000001907349
2021-11-18 00:00:00+00:00,0.9190000295639
2021-11-19 00:00:00+00:00,0.8629999756813
2021-11-20 00:00:00+00:00,0.86199998855591
2021-11-22 00:00:00+00:00,0.94599997997284
2021-11-23 00:00:00+00:00,1.06500005722046
2021-11-24 00:00:00+00:00,1.0789999961853
2021-11-25 00:00:00+00:00,1.06200003623962
2021-11-26 00:00:00+00:00,0.97399997711182
2021-11-27 00:00:00+00:00,0.96899998188019
2021-11-29 00:00:00+00:00,0.97899997234344
2021-11-30 00:00:00+00:00,0.98199999332428
2021-12-01 00:00:00+00:00,1.02400004863739
2021-12-02 00:00:00+00:00,0.9559999704361
2021-12-03 00:00:00+00:00,0.92599999904633
2021-12-06 00:00:00+00:00,0.88499999046326
2021-12-07 00:00:00+00:00,0.91799998283386
2021-12-08 00:00:00+00:00,1.03199994564056
2021-12-09 00:00:00+00:00,1.00199997425079
2021-12-10 00:00:00+00:00,0.96799999475479
2021-12-13 00:00:00+00:00,0.91200000047684
2021-12-14 00:00:00+00:00,0.93900001049042
2021-12-15 00:00:00+00:00,0.92299997806549
2021-12-16 00:00:00+00:00,0.98000001907349
2021-12-17 00:00:00+00:00,0.90799999237061
2021-12-20 00:00:00+00:00,0.93599998950958
2021-12-21 00:00:00+00:00,1.01699995994568
2021-12-22 00:00:00+00:00,1.05599999427795
2021-12-23 00:00:00+00:00,1.10699999332428
2021-12-24 00:00:00+00:00,1.12699997425079
2021-12-27 00:00:00+00:00,1.125
2021-12-28 00:00:00+00:00,1.10000002384186
2021-12-29 00:00:00+00:00,1.16100001335144
2021-12-30 00:00:00+00:00,1.17999994754791
2021-12-31 00:00:00+00:00,1.18499994277954
2022-01-03 00:00:00+00:00,1.19799995422363
2022-01-04 00:00:00+00:00,1.22099995613098
2022-01-05 00:00:00+00:00,1.24399995803833
2022-01-06 00:00:00+00:00,1.27400004863739
2022-01-07 00:00:00+00:00,1.31900000572205
2022-01-10 00:00:00+00:00,1.2849999666214
2022-01-11 00:00:00+00:00,1.37699997425079
2022-01-12 00:00:00+00:00,1.3309999704361
2022-01-13 00:00:00+00:00,1.28999996185303
2022-01-14 00:00:00+00:00,1.34099996089935
2022-01-17 00:00:00+00:00,1.36500000953674
2022-01-18 00:00:00+00:00,1.38800001144409
2022-01-19 00:00:00+00:00,1.40600001811981
2022-01-20 00:00:00+00:00,1.37000000476837
2022-01-21 00:00:00+00:00,1.35500001907349
2022-01-24 00:00:00+00:00,1.35500001907349
2022-01-25 00:00:00+00:00,1.36000001430511
2022-01-26 00:00:00+00:00,1.40699994564056
2022-01-27 00:00:00+00:00,1.35800004005432
2022-01-28 00:00:00+00:00,1.35300004482269
2022-01-31 00:00:00+00:00,1.37100005149841
2022-02-01 00:00:00+00:00,1.4190000295639
2022-02-02 00:00:00+00:00,1.42700004577637
2022-02-03 00:00:00+00:00,1.67299997806549
2022-02-04 00:00:00+00:00,1.75499999523163
2022-02-07 00:00:00+00:00,1.81299996376038
2022-02-08 00:00:00+00:00,1.85300004482269
2022-02-09 00:00:00+00:00,1.76699995994568
2022-02-10 00:00:00+00:00,1.89800000190735
2022-02-11 00:00:00+00:00,1.96200001239777
2022-02-14 00:00:00+00:00,1.97399997711182
2022-02-15 00:00:00+00:00,1.97200000286102
2022-02-16 00:00:00+00:00,1.91700005531311
2022-02-17 00:00:00+00:00,1.8400000333786
2022-02-18 00:00:00+00:00,1.84500002861023
2022-02-21 00:00:00+00:00,1.91600000858307
2022-02-22 00:00:00+00:00,1.93400001525879
2022-02-23 00:00:00+00:00,1.932000041008
2022-02-24 00:00:00+00:00,1.807000041008
2022-02-25 00:00:00+00:00,1.84200000762939
2022-02-28 00:00:00+00:00,1.74100005626678
2022-03-01 00:00:00+00:00,1.39400005340576
2022-03-02 00:00:00+00:00,1.55299997329712
2022-03-03 00:00:00+00:00,1.58700001239777
2022-03-04 00:00:00+00:00,1.53299999237061
2022-03-07 00:00:00+00:00,1.59700000286102
2022-03-08 00:00:00+00:00,1.60099995136261
2022-03-09 00:00:00+00:00,1.67200005054474
2022-03-10 00:00:00+00:00,1.90799999237061
2022-03-11 00:00:00+00:00,1.86699998378754
2022-03-14 00:00:00+00:00,1.96800005435944
2022-03-15 00:00:00+00:00,1.90699994564056
2022-03-16 00:00:00+00:00,1.89900004863739
2022-03-17 00:00:00+00:00,1.90499997138977
2022-03-18 00:00:00+00:00,1.88999998569489
2022-03-21 00:00:00+00:00,1.99399995803833
2022-03-22 00:00:00+00:00,2.02800011634827
2022-03-23 00:00:00+00:00,1.99300003051758
2022-03-24 00:00:00+00:00,2.05599999427795
2022-03-25 00:00:00+00:00,2.07800006866455
2022-03-28 00:00:00+00:00,2.10700011253357
2022-03-29 00:00:00+00:00,2.13199996948242
2022-03-30 00:00:00+00:00,2.13299989700317
2022-03-31 00:00:00+00:00,2.04200005531311
2022-04-01 00:00:00+00:00,2.09699988365173
2022-04-04 00:00:00+00:00,2.07599997520447
2022-04-05 00:00:00+00:00,2.24799990653992
2022-04-06 00:00:00+00:00,2.30399990081787
2022-04-07 00:00:00+00:00,2.33299994468689
2022-04-08 00:00:00+00:00,2.37899994850159
2022-04-11 00:00:00+00:00,2.46600008010864
2022-04-12 00:00:00+00:00,2.41100001335144
2022-04-13 00:00:00+00:00,2.37800002098083
2022-04-14 00:00:00+00:00,2.49799990653992
2022-04-15 00:00:00+00:00,2.50349998474121
2022-04-18 00:00:00+00:00,2.50349998474121
2022-04-19 00:00:00+00:00,2.55900001525879
2022-04-20 00:00:00+00:00,2.50799989700317
2022-04-21 00:00:00+00:00,2.59599995613098
2022-04-22 00:00:00+00:00,2.67600011825562
2022-04-25 00:00:00+00:00,2.57599997520447
2022-04-26 00:00:00+00:00,2.54299998283386
2022-04-27 00:00:00+00:00,2.57100009918213
2022-04-28 00:00:00+00:00,2.71399998664856
2022-04-29 00:00:00+00:00,2.77500009536743
2022-05-02 00:00:00+00:00,2.85800004005432
2022-05-03 00:00:00+00:00,2.86999988555908
2022-05-04 00:00:00+00:00,2.96199989318848
2022-05-05 00:00:00+00:00,3.02500009536743
2022-05-06 00:00:00+00:00,3.1489999294281
2022-05-09 00:00:00+00:00,3.14199995994568
2022-05-10 00:00:00+00:00,3.01200008392334
2022-05-11 00:00:00+00:00,2.89100003242493
2022-05-12 00:00:00+00:00,2.72099995613098
2022-05-13 00:00:00+00:00,2.84599995613098
2022-05-14 00:00:00+00:00,2.84150004386902
2022-05-16 00:00:00+00:00,2.83999991416931
2022-05-17 00:00:00+00:00,2.96600008010864
2022-05-18 00:00:00+00:00,2.95499992370605
2022-05-19 00:00:00+00:00,2.90499997138977
2022-05-20 00:00:00+00:00,2.98600006103516
2022-05-23 00:00:00+00:00,3.02999997138977
2022-05-24 00:00:00+00:00,2.96600008010864
2022-05-25 00:00:00+00:00,2.94700002670288
2022-05-26 00:00:00+00:00,2.90199995040894
2022-05-27 00:00:00+00:00,2.89199995994568
2022-05-29 00:00:00+00:00,2.89050006866455
2022-05-30 00:00:00+00:00,2.99000000953674
2022-05-31 00:00:00+00:00,3.125
2022-06-01 00:00:00+00:00,3.19199991226196
2022-06-02 00:00:00+00:00,3.29999995231628
2022-06-03 00:00:00+00:00,3.40300011634827
2022-06-06 00:00:00+00:00,3.40700006484985
2022-06-07 00:00:00+00:00,3.40199995040894
2022-06-08 00:00:00+00:00,3.46799993515015
2022-06-09 00:00:00+00:00,3.68700003623962
2022-06-10 00:00:00+00:00,3.84599995613098
2022-06-13 00:00:00+00:00,4.09999990463257
2022-06-14 00:00:00+00:00,4.26999998092651
2022-06-15 00:00:00+00:00,3.91799998283386
2022-06-16 00:00:00+00:00,3.84999990463257
2022-06-17 00:00:00+00:00,3.67400002479553
2022-06-20 00:00:00+00:00,3.79299998283386
2022-06-21 00:00:00+00:00,3.79099988937378
2022-06-22 00:00:00+00:00,3.64199995994568
2022-06-23 00:00:00+00:00,3.48399996757507
2022-06-24 00:00:00+00:00,3.55800008773804
2022-06-25 00:00:00+00:00,3.54299998283386
2022-06-27 00:00:00+00:00,3.63700008392334
2022-06-28 00:00:00+00:00,3.66400003433228
2022-06-29 00:00:00+00:00,3.50099992752075
2022-06-30 00:00:00+00:00,3.39199995994568
2022-07-01 00:00:00+00:00,3.19300007820129
2022-07-04 00:00:00+00:00,3.34699988365173
2022-07-05 00:00:00+00:00,3.27099990844727
2022-07-06 00:00:00+00:00,3.24200010299683
2022-07-07 00:00:00+00:00,3.37700009346008
2022-07-08 00:00:00+00:00,3.37100005149841
2022-07-11 00:00:00+00:00,3.29800009727478
2022-07-12 00:00:00+00:00,3.19700002670288
2022-07-13 00:00:00+00:00,3.2279999256134
2022-07-14 00:00:00+00:00,3.36899995803833
2022-07-15 00:00:00+00:00,3.36199998855591
2022-07-18 00:00:00+00:00,3.36899995803833
2022-07-19 00:00:00+00:00,3.44099998474121
2022-07-20 00:00:00+00:00,3.49799990653992
2022-07-21 00:00:00+00:00,3.62199997901917
2022-07-22 00:00:00+00:00,3.42000007629395
2022-07-25 00:00:00+00:00,3.3840000629425
2022-07-26 00:00:00+00:00,3.34100008010864
2022-07-27 00:00:00+00:00,3.42600011825562
2022-07-28 00:00:00+00:00,3.25
2022-07-29 00:00:00+00:00,3.14800000190735
2022-07-30 00:00:00+00:00,3.11199998855591
2022-07-31 00:00:00+00:00,3.14650011062622
2022-08-01 00:00:00+00:00,2.98600006103516
2022-08-02 00:00:00+00:00,3.03099989891052
2022-08-03 00:00:00+00:00,3.02300000190735
2022-08-04 00:00:00+00:00,2.94600009918213
2022-08-05 00:00:00+00:00,3.02500009536743
2022-08-08 00:00:00+00:00,3.03900003433228
2022-08-09 00:00:00+00:00,3.0550000667572
2022-08-10 00:00:00+00:00,2.99399995803833
2022-08-11 00:00:00+00:00,3.02300000190735
2022-08-12 00:00:00+00:00,3.06699991226196
2022-08-14 00:00:00+00:00,3.06049990653992
2022-08-15 00:00:00+00:00,2.97900009155273
2022-08-16 00:00:00+00:00,3.13499999046326
2022-08-17 00:00:00+00:00,3.31399989128113
2022-08-18 00:00:00+00:00,3.32299995422363
2022-08-19 00:00:00+00:00,3.48900008201599
2022-08-22 00:00:00+00:00,3.62700009346008
2022-08-23 00:00:00+00:00,3.64100003242493
2022-08-24 00:00:00+00:00,3.67400002479553
2022-08-25 00:00:00+00:00,3.55299997329712
2022-08-26 00:00:00+00:00,3.69099998474121
2022-08-29 00:00:00+00:00,3.79999995231628
2022-08-30 00:00:00+00:00,3.81200003623962
2022-08-31 00:00:00+00:00,3.88800001144409
2022-09-01 00:00:00+00:00,3.94600009918213
2022-09-02 00:00:00+00:00,3.83899998664856
2022-09-05 00:00:00+00:00,3.93499994277954
2022-09-06 00:00:00+00:00,3.96499991416931
2022-09-07 00:00:00+00:00,3.86899995803833
2022-09-08 00:00:00+00:00,3.94899988174438
2022-09-09 00:00:00+00:00,4.00500011444092
2022-09-12 00:00:00+00:00,3.95499992370605
2022-09-13 00:00:00+00:00,3.99000000953674
2022-09-14 00:00:00+00:00,3.98000001907349
2022-09-15 00:00:00+00:00,4.03000020980835
2022-09-16 00:00:00+00:00,4.02500009536743
2022-09-17 00:00:00+00:00,4.02449989318848
2022-09-19 00:00:00+00:00,4.06099987030029
2022-09-20 00:00:00+00:00,4.19199991226196
2022-09-21 00:00:00+00:00,4.1230001449585
2022-09-22 00:00:00+00:00,4.17700004577637
2022-09-23 00:00:00+00:00,4.3600001335144
2022-09-26 00:00:00+00:00,4.52600002288818
2022-09-27 00:00:00+00:00,4.73000001907349
2022-09-28 00:00:00+00:00,4.58500003814697
2022-09-29 00:00:00+00:00,4.66200017929077
2022-09-30 00:00:00+00:00,4.50699996948242
2022-10-03 00:00:00+00:00,4.20499992370605
2022-10-04 00:00:00+00:00,4.18800020217896
2022-10-05 00:00:00+00:00,4.46000003814697
2022-10-06 00:00:00+00:00,4.51599979400635
2022-10-07 00:00:00+00:00,4.68900012969971
2022-10-09 00:00:00+00:00,4.67600011825562
2022-10-10 00:00:00+00:00,4.61100006103516
2022-10-11 00:00:00+00:00,4.68499994277954
2022-10-12 00:00:00+00:00,4.81699991226196
2022-10-13 00:00:00+00:00,4.6729998588562
2022-10-14 00:00:00+00:00,4.79400014877319
2022-10-16 00:00:00+00:00,4.78749990463257
2022-10-17 00:00:00+00:00,4.65999984741211
2022-10-18 00:00:00+00:00,4.67799997329712
2022-10-19 00:00:00+00:00,4.77199983596802
2022-10-20 00:00:00+00:00,4.73799991607666
2022-10-21 00:00:00+00:00,4.76399993896484
2022-10-23 00:00:00+00:00,4.87099981307983
2022-10-24 00:00:00+00:00,4.59200000762939
2022-10-25 00:00:00+00:00,4.37200021743774
2022-10-26 00:00:00+00:00,4.33400011062622
2022-10-27 00:00:00+00:00,3.99200010299683
2022-10-28 00:00:00+00:00,4.16099977493286
2022-10-30 00:00:00+00:00,4.1560001373291
2022-10-31 00:00:00+00:00,4.30600023269653
2022-11-01 00:00:00+00:00,4.27299976348877
2022-11-02 00:00:00+00:00,4.28800010681152
2022-11-03 00:00:00+00:00,4.42000007629395
2022-11-04 00:00:00+00:00,4.4689998626709
2022-11-06 00:00:00+00:00,4.45650005340576
2022-11-07 00:00:00+00:00,4.4850001335144
2022-11-08 00:00:00+00:00,4.38299989700317
2022-11-09 00:00:00+00:00,4.27899980545044
2022-11-10 00:00:00+00:00,4.00699996948242
2022-11-11 00:00:00+00:00,4.19799995422363
2022-11-13 00:00:00+00:00,4.19099998474121
2022-11-14 00:00:00+00:00,4.17000007629395
2022-11-15 00:00:00+00:00,4.05999994277954
2022-11-16 00:00:00+00:00,3.94099998474121
2022-11-17 00:00:00+00:00,3.93700003623962
2022-11-18 00:00:00+00:00,3.89100003242493
2022-11-19 00:00:00+00:00,3.88849997520447
2022-11-20 00:00:00+00:00,3.88700008392334
2022-11-21 00:00:00+00:00,3.92700004577637
2022-11-22 00:00:00+00:00,3.90899991989136
2022-11-23 00:00:00+00:00,3.79800009727478
2022-11-24 00:00:00+00:00,3.67499995231628
2022-11-25 00:00:00+00:00,3.8510000705719
2022-11-27 00:00:00+00:00,3.84400010108948
2022-11-28 00:00:00+00:00,3.91499996185303
2022-11-29 00:00:00+00:00,3.82100009918213
2022-11-30 00:00:00+00:00,3.875
2022-12-01 00:00:00+00:00,3.70700001716614
2022-12-02 00:00:00+00:00,3.75200009346008
2022-12-04 00:00:00+00:00,3.75250005722046
2022-12-05 00:00:00+00:00,3.75399994850159
2022-12-06 00:00:00+00:00,3.6489999294281
2022-12-07 00:00:00+00:00,3.60599994659424
2022-12-08 00:00:00+00:00,3.69300007820129
2022-12-09 00:00:00+00:00,3.81900000572205
2022-12-11 00:00:00+00:00,3.80299997329712
2022-12-12 00:00:00+00:00,3.83699989318848
2022-12-13 00:00:00+00:00,3.79699993133545
2022-12-14 00:00:00+00:00,3.85800004005432
2022-12-15 00:00:00+00:00,4.15399980545044
2022-12-16 00:00:00+00:00,4.28000020980835
2022-12-18 00:00:00+00:00,4.28350019454956
2022-12-19 00:00:00+00:00,4.37400007247925
2022-12-20 00:00:00+00:00,4.47700023651123
2022-12-21 00:00:00+00:00,4.42799997329712
2022-12-22 00:00:00+00:00,4.4689998626709
2022-12-23 00:00:00+00:00,4.49499988555908
2022-12-26 00:00:00+00:00,4.50150012969971
2022-12-27 00:00:00+00:00,4.61600017547607
2022-12-28 00:00:00+00:00,4.63100004196167
2022-12-29 00:00:00+00:00,4.5310001373291
2022-12-30 00:00:00+00:00,4.7039999961853
2023-01-01 00:00:00+00:00,4.69649982452393
2023-01-02 00:00:00+00:00,4.55499982833862
2023-01-03 00:00:00+00:00,4.5
2023-01-04 00:00:00+00:00,4.25899982452393
2023-01-05 00:00:00+00:00,4.34299993515015
2023-01-06 00:00:00+00:00,4.22599983215332
2023-01-08 00:00:00+00:00,4.22100019454956
2023-01-09 00:00:00+00:00,4.17799997329712
2023-01-10 00:00:00+00:00,4.2189998626709
2023-01-11 00:00:00+00:00,4.04400014877319
2023-01-12 00:00:00+00:00,3.99799990653992
2023-01-13 00:00:00+00:00,4.01000022888184
2023-01-15 00:00:00+00:00,3.99799990653992
2023-01-16 00:00:00+00:00,4.01100015640259
2023-01-17 00:00:00+00:00,3.88100004196167
2023-01-18 00:00:00+00:00,3.75600004196167
2023-01-19 00:00:00+00:00,3.75999999046326
2023-01-20 00:00:00+00:00,3.98200011253357
2023-01-22 00:00:00+00:00,3.97550010681152
2023-01-23 00:00:00+00:00,4.02699995040894
2023-01-24 00:00:00+00:00,3.91599988937378
2023-01-25 00:00:00+00:00,4.08699989318848
2023-01-26 00:00:00+00:00,4.17000007629395
2023-01-27 00:00:00+00:00,4.22599983215332
2023-01-30 00:00:00+00:00,4.31799983978271
2023-01-31 00:00:00+00:00,4.27199983596802
2023-02-01 00:00:00+00:00,4.29199981689453
2023-02-02 00:00:00+00:00,3.88700008392334
2023-02-03 00:00:00+00:00,4.00799989700317
2023-02-06 00:00:00+00:00,4.15299987792969
2023-02-07 00:00:00+00:00,4.21400022506714
2023-02-08 00:00:00+00:00,4.23400020599365
2023-02-09 00:00:00+00:00,4.13100004196167
2023-02-10 00:00:00+00:00,4.21299982070923
2023-02-11 00:00:00+00:00,4.20849990844727
2023-02-13 00:00:00+00:00,4.17700004577637
2023-02-14 00:00:00+00:00,4.2350001335144
2023-02-15 00:00:00+00:00,4.32399988174438
2023-02-16 00:00:00+00:00,4.32399988174438
2023-02-17 00:00:00+00:00,4.29699993133545
2023-02-18 00:00:00+00:00,4.27600002288818
2023-02-20 00:00:00+00:00,4.33500003814697
2023-02-21 00:00:00+00:00,4.46600008010864
2023-02-22 00:00:00+00:00,4.46099996566772
2023-02-23 00:00:00+00:00,4.36999988555908
2023-02-24 00:00:00+00:00,4.43400001525879
2023-02-27 00:00:00+00:00,4.4210000038147
2023-02-28 00:00:00+00:00,4.47300004959106
2023-03-01 00:00:00+00:00,4.5770001411438
2023-03-02 00:00:00+00:00,4.62099981307983
2023-03-03 00:00:00+00:00,4.53800010681152
2023-03-06 00:00:00+00:00,4.57299995422363
2023-03-07 00:00:00+00:00,4.52099990844727
2023-03-08 00:00:00+00:00,4.42000007629395
2023-03-09 00:00:00+00:00,4.38600015640259
2023-03-10 00:00:00+00:00,4.32399988174438
2023-03-13 00:00:00+00:00,4.20800018310547
2023-03-14 00:00:00+00:00,4.27799987792969
2023-03-15 00:00:00+00:00,4.10099983215332
2023-03-16 00:00:00+00:00,4.16900014877319
2023-03-17 00:00:00+00:00,4.04500007629395
2023-03-20 00:00:00+00:00,3.97900009155273
2023-03-21 00:00:00+00:00,4.11100006103516
2023-03-22 00:00:00+00:00,4.17399978637695
2023-03-23 00:00:00+00:00,4.05700016021729
2023-03-24 00:00:00+00:00,4.01599979400635
2023-03-25 00:00:00+00:00,4.01049995422363
2023-03-27 00:00:00+00:00,4.06099987030029
2023-03-28 00:00:00+00:00,4.14099979400635
2023-03-29 00:00:00+00:00,4.14099979400635
2023-03-30 00:00:00+00:00,4.2350001335144
2023-03-31 00:00:00+00:00,4.09800004959106
2023-04-03 00:00:00+00:00,4.09100008010864
2023-04-04 00:00:00+00:00,4.11399984359741
2023-04-05 00:00:00+00:00,4.01100015640259
2023-04-06 00:00:00+00:00,4.03399991989136
2023-04-07 00:00:00+00:00,4.01949977874756
2023-04-10 00:00:00+00:00,4.02850008010864
2023-04-11 00:00:00+00:00,4.16200017929077
2023-04-12 00:00:00+00:00,4.21600008010864
2023-04-13 00:00:00+00:00,4.21999979019165
2023-04-14 00:00:00+00:00,4.29099988937378
2023-04-17 00:00:00+00:00,4.30499982833862
2023-04-18 00:00:00+00:00,4.30100011825562
2023-04-19 00:00:00+00:00,4.36499977111816
2023-04-20 00:00:00+00:00,4.30999994277954
2023-04-21 00:00:00+00:00,4.35599994659424
2023-04-24 00:00:00+00:00,4.37400007247925
2023-04-25 00:00:00+00:00,4.26100015640259
2023-04-26 00:00:00+00:00,4.25600004196167
2023-04-27 00:00:00+00:00,4.35300016403198
2023-04-28 00:00:00+00:00,4.18300008773804
2023-05-01 00:00:00+00:00,4.18699979782104
2023-05-02 00:00:00+00:00,4.1729998588562
2023-05-03 00:00:00+00:00,4.125
2023-05-04 00:00:00+00:00,4.11600017547607
2023-05-05 00:00:00+00:00,4.19799995422363
2023-05-08 00:00:00+00:00,4.23999977111816
2023-05-09 00:00:00+00:00,4.27600002288818
2023-05-10 00:00:00+00:00,4.21199989318848
2023-05-11 00:00:00+00:00,4.11100006103516
2023-05-12 00:00:00+00:00,4.17399978637695
2023-05-15 00:00:00+00:00,4.18100023269653
2023-05-16 00:00:00+00:00,4.22700023651123
2023-05-17 00:00:00+00:00,4.18699979782104
2023-05-18 00:00:00+00:00,4.30800008773804
2023-05-19 00:00:00+00:00,4.26200008392334
2023-05-22 00:00:00+00:00,4.31199979782104
2023-05-23 00:00:00+00:00,4.3270001411438
2023-05-24 00:00:00+00:00,4.32800006866455
2023-05-25 00:00:00+00:00,4.38700008392334
2023-05-26 00:00:00+00:00,4.38899993896484
2023-05-29 00:00:00+00:00,4.27899980545044
2023-05-30 00:00:00+00:00,4.15999984741211
2023-05-31 00:00:00+00:00,4.09299993515015
2023-06-01 00:00:00+00:00,4.00899982452393
2023-06-02 00:00:00+00:00,3.98499989509583
2023-06-03 00:00:00+00:00,3.96900010108948
2023-06-05 00:00:00+00:00,4.04699993133545
2023-06-06 00:00:00+00:00,4.16499996185303
2023-06-07 00:00:00+00:00,4.26900005340576
2023-06-08 00:00:00+00:00,4.19999980926514
2023-06-09 00:00:00+00:00,4.11899995803833
2023-06-12 00:00:00+00:00,4.05999994277954
2023-06-13 00:00:00+00:00,4.07299995422363
2023-06-14 00:00:00+00:00,4.09200000762939
2023-06-15 00:00:00+00:00,4.125
2023-06-16 00:00:00+00:00,4.03599977493286
2023-06-19 00:00:00+00:00,4.13000011444092
2023-06-20 00:00:00+00:00,4.02799987792969
2023-06-21 00:00:00+00:00,4.04699993133545
2023-06-22 00:00:00+00:00,4.12400007247925
2023-06-23 00:00:00+00:00,3.99000000953674
2023-06-26 00:00:00+00:00,3.9449999332428
2023-06-27 00:00:00+00:00,3.99300003051758
2023-06-28 00:00:00+00:00,3.97099995613098
2023-06-29 00:00:00+00:00,4.09899997711182
2023-06-30 00:00:00+00:00,4.07499980926514
2023-07-03 00:00:00+00:00,4.14400005340576
2023-07-04 00:00:00+00:00,4.20599985122681
2023-07-05 00:00:00+00:00,4.16900014877319
2023-07-06 00:00:00+00:00,4.39400005340576
2023-07-07 00:00:00+00:00,4.3600001335144
2023-07-10 00:00:00+00:00,4.38899993896484
2023-07-11 00:00:00+00:00,4.4229998588562
2023-07-12 00:00:00+00:00,4.26999998092651
2023-07-13 00:00:00+00:00,4.15399980545044
2023-07-14 00:00:00+00:00,4.17799997329712
2023-07-17 00:00:00+00:00,4.16400003433228
2023-07-18 00:00:00+00:00,4.01399993896484
2023-07-19 00:00:00+00:00,4.07499980926514
2023-07-20 00:00:00+00:00,4.11100006103516
2023-07-21 00:00:00+00:00,4.07000017166138
2023-07-22 00:00:00+00:00,4.06699991226196
2023-07-24 00:00:00+00:00,4.02799987792969
2023-07-25 00:00:00+00:00,4.06300020217896
2023-07-26 00:00:00+00:00,4.10300016403198
2023-07-27 00:00:00+00:00,4.07600021362305
2023-07-28 00:00:00+00:00,4.11899995803833
2023-07-31 00:00:00+00:00,4.10400009155273
2023-08-01 00:00:00+00:00,4.19299983978271
2023-08-02 00:00:00+00:00,4.19700002670288
2023-08-03 00:00:00+00:00,4.25299978256226
2023-08-04 00:00:00+00:00,4.21299982070923
2023-08-07 00:00:00+00:00,4.25899982452393
2023-08-08 00:00:00+00:00,4.13299989700317
2023-08-09 00:00:00+00:00,4.15199995040894
2023-08-10 00:00:00+00:00,4.15299987792969
2023-08-11 00:00:00+00:00,4.26300001144409
2023-08-14 00:00:00+00:00,4.28700017929077
2023-08-15 00:00:00+00:00,4.3600001335144
2023-08-16 00:00:00+00:00,4.35799980163574
2023-08-17 00:00:00+00:00,4.41699981689453
2023-08-18 00:00:00+00:00,4.32399988174438
2023-08-21 00:00:00+00:00,4.40799999237061
2023-08-22 00:00:00+00:00,4.30499982833862
2023-08-23 00:00:00+00:00,4.17700004577637
2023-08-24 00:00:00+00:00,4.18400001525879
2023-08-25 00:00:00+00:00,4.23000001907349
2023-08-28 00:00:00+00:00,4.22599983215332
2023-08-29 00:00:00+00:00,4.15299987792969
2023-08-30 00:00:00+00:00,4.19399976730347
2023-08-31 00:00:00+00:00,4.12400007247925
2023-09-01 00:00:00+00:00,4.23899984359741
2023-09-04 00:00:00+00:00,4.29099988937378
2023-09-05 00:00:00+00:00,4.34600019454956
2023-09-06 00:00:00+00:00,4.40999984741211
2023-09-07 00:00:00+00:00,4.35500001907349
2023-09-08 00:00:00+00:00,4.34700012207031
2023-09-09 00:00:00+00:00,4.34499979019165
2023-09-11 00:00:00+00:00,4.39699983596802
2023-09-12 00:00:00+00:00,4.40999984741211
2023-09-13 00:00:00+00:00,4.46500015258789
2023-09-14 00:00:00+00:00,4.35300016403198
2023-09-15 00:00:00+00:00,4.46700000762939
2023-09-16 00:00:00+00:00,4.46000003814697
2023-09-17 00:00:00+00:00,4.46000003814697
2023-09-18 00:00:00+00:00,4.52199983596802
2023-09-19 00:00:00+00:00,4.51800012588501
2023-09-20 00:00:00+00:00,4.45300006866455
2023-09-21 00:00:00+00:00,4.54699993133545
2023-09-22 00:00:00+00:00,4.59000015258789
2023-09-23 00:00:00+00:00,4.58799982070923
2023-09-24 00:00:00+00:00,4.58799982070923
2023-09-25 00:00:00+00:00,4.65199995040894
2023-09-26 00:00:00+00:00,4.73000001907349
2023-09-27 00:00:00+00:00,4.78599977493286
2023-09-28 00:00:00+00:00,4.88199996948242
2023-09-29 00:00:00+00:00,4.80000019073486
2023-09-30 00:00:00+00:00,4.77650022506714
2023-10-01 00:00:00+00:00,4.77650022506714
2023-10-02 00:00:00+00:00,4.81199979782104
2023-10-03 00:00:00+00:00,4.93200016021729
2023-10-04 00:00:00+00:00,4.88899993896484
2023-10-05 00:00:00+00:00,4.90100002288818
2023-10-06 00:00:00+00:00,4.92399978637695
2023-10-07 00:00:00+00:00,4.90950012207031
2023-10-08 00:00:00+00:00,4.90950012207031
2023-10-09 00:00:00+00:00,4.83599996566772
2023-10-10 00:00:00+00:00,4.73000001907349
2023-10-11 00:00:00+00:00,4.66499996185303
2023-10-12 00:00:00+00:00,4.75799989700317
2023-10-13 00:00:00+00:00,4.77500009536743
2023-10-14 00:00:00+00:00,4.77150011062622
2023-10-15 00:00:00+00:00,4.77150011062622
2023-10-16 00:00:00+00:00,4.77799987792969
2023-10-17 00:00:00+00:00,4.89200019836426
2023-10-18 00:00:00+00:00,4.98400020599365
2023-10-19 00:00:00+00:00,4.94500017166138
2023-10-20 00:00:00+00:00,4.9229998588562
2023-10-21 00:00:00+00:00,4.92449998855591
2023-10-22 00:00:00+00:00,4.92449998855591
2023-10-23 00:00:00+00:00,4.84200000762939
2023-10-24 00:00:00+00:00,4.84700012207031
2023-10-25 00:00:00+00:00,4.91599988937378
2023-10-26 00:00:00+00:00,4.84999990463257
2023-10-27 00:00:00+00:00,4.81199979782104
2023-10-28 00:00:00+00:00,4.79899978637695
2023-10-29 00:00:00+00:00,4.79899978637695
2023-10-30 00:00:00+00:00,4.73999977111816
2023-10-31 00:00:00+00:00,4.72599983215332
2023-11-01 00:00:00+00:00,4.6729998588562
2023-11-02 00:00:00+00:00,4.55700016021729
2023-11-03 00:00:00+00:00,4.44700002670288
2023-11-04 00:00:00+00:00,4.44199991226196
2023-11-05 00:00:00+00:00,4.44199991226196
2023-11-06 00:00:00+00:00,4.58400011062622
2023-11-07 00:00:00+00:00,4.49300003051758
2023-11-08 00:00:00+00:00,4.47800016403198
2023-11-09 00:00:00+00:00,4.51300001144409
2023-11-10 00:00:00+00:00,4.57800006866455
2023-11-13 00:00:00+00:00,4.55999994277954
2023-11-14 00:00:00+00:00,4.41099977493286
2023-11-15 00:00:00+00:00,4.45100021362305
2023-11-16 00:00:00+00:00,4.34800004959106
2023-11-17 00:00:00+00:00,4.36600017547607
2023-11-18 00:00:00+00:00,4.35349988937378
2023-11-20 00:00:00+00:00,4.35900020599365
2023-11-21 00:00:00+00:00,4.32100009918213
2023-11-22 00:00:00+00:00,4.31199979782104
2023-11-23 00:00:00+00:00,4.39400005340576
2023-11-24 00:00:00+00:00,4.40199995040894
2023-11-27 00:00:00+00:00,4.29899978637695
2023-11-28 00:00:00+00:00,4.26100015640259
2023-11-29 00:00:00+00:00,4.17199993133545
2023-11-30 00:00:00+00:00,4.23600006103516
2023-12-01 00:00:00+00:00,4.10300016403198
2023-12-04 00:00:00+00:00,4.11899995803833
2023-12-05 00:00:00+00:00,3.99399995803833
2023-12-06 00:00:00+00:00,3.95099997520447
2023-12-07 00:00:00+00:00,3.94600009918213
2023-12-08 00:00:00+00:00,4.06799983978271
2023-12-11 00:00:00+00:00,4.06799983978271
2023-12-12 00:00:00+00:00,4.00500011444092
2023-12-13 00:00:00+00:00,3.94000005722046
2023-12-14 00:00:00+00:00,3.78900003433228
2023-12-15 00:00:00+00:00,3.72699999809265
2023-12-18 00:00:00+00:00,3.77300000190735
2023-12-19 00:00:00+00:00,3.64199995994568
2023-12-20 00:00:00+00:00,3.60500001907349
2023-12-21 00:00:00+00:00,3.58599996566772
2023-12-22 00:00:00+00:00,3.54900002479553
2023-12-25 00:00:00+00:00,3.54399991035461
2023-12-27 00:00:00+00:00,3.48399996757507
2023-12-28 00:00:00+00:00,3.6010000705719
2023-12-29 00:00:00+00:00,3.69899988174438
2024-01-01 00:00:00+00:00,3.69400000572205
2024-01-02 00:00:00+00:00,3.72099995613098
2024-01-03 00:00:00+00:00,3.70000004768372
2024-01-04 00:00:00+00:00,3.79999995231628
2024-01-05 00:00:00+00:00,3.8289999961853
2024-01-08 00:00:00+00:00,3.81299996376038
2024-01-09 00:00:00+00:00,3.85500001907349
2024-01-10 00:00:00+00:00,3.8510000705719
2024-01-11 00:00:00+00:00,3.81699991226196
2024-01-12 00:00:00+00:00,3.73200011253357
2024-01-15 00:00:00+00:00,3.81299996376038
2024-01-16 00:00:00+00:00,3.82999992370605
2024-01-17 00:00:00+00:00,3.91899991035461
2024-01-18 00:00:00+00:00,3.92700004577637
2024-01-19 00:00:00+00:00,3.88000011444092
2024-01-22 00:00:00+00:00,3.84599995613098
2024-01-23 00:00:00+00:00,3.9210000038147
2024-01-24 00:00:00+00:00,3.90700006484985
2024-01-25 00:00:00+00:00,3.83200001716614
2024-01-26 00:00:00+00:00,3.82500004768372
2024-01-29 00:00:00+00:00,3.73900008201599
2024-01-30 00:00:00+00:00,3.80399990081787
2024-01-31 00:00:00+00:00,3.72699999809265
2024-02-01 00:00:00+00:00,3.71700000762939
2024-02-02 00:00:00+00:00,3.81599998474121
2024-02-05 00:00:00+00:00,3.88899993896484
2024-02-06 00:00:00+00:00,3.86199998855591
2024-02-07 00:00:00+00:00,3.89400005340576
2024-02-08 00:00:00+00:00,3.93400001525879
2024-02-09 00:00:00+00:00,3.97199988365173
2024-02-12 00:00:00+00:00,3.91199994087219
2024-02-13 00:00:00+00:00,3.94300007820129
2024-02-14 00:00:00+00:00,3.85999989509583
2024-02-15 00:00:00+00:00,3.85800004005432
2024-02-16 00:00:00+00:00,3.88000011444092
2024-02-19 00:00:00+00:00,3.90599989891052
2024-02-20 00:00:00+00:00,3.86500000953674
2024-02-21 00:00:00+00:00,3.95199990272522
2024-02-22 00:00:00+00:00,3.91499996185303
2024-02-23 00:00:00+00:00,3.80800008773804
2024-02-26 00:00:00+00:00,3.89499998092651
2024-02-27 00:00:00+00:00,3.90700006484985
2024-02-28 00:00:00+00:00,3.89400005340576
2024-02-29 00:00:00+00:00,3.83999991416931
2024-03-01 00:00:00+00:00,3.89599990844727
2024-03-04 00:00:00+00:00,3.82299995422363
2024-03-05 00:00:00+00:00,3.71099996566772
2024-03-06 00:00:00+00:00,3.66100001335144
2024-03-07 00:00:00+00:00,3.61199998855591
2024-03-08 00:00:00+00:00,3.58100008964539
2024-03-11 00:00:00+00:00,3.62800002098083
2024-03-12 00:00:00+00:00,3.60899996757507
2024-03-13 00:00:00+00:00,3.59299993515015
2024-03-14 00:00:00+00:00,3.69000005722046
2024-03-15 00:00:00+00:00,3.6949999332428
2024-03-18 00:00:00+00:00,3.68300008773804
2024-03-19 00:00:00+00:00,3.71600008010864
2024-03-20 00:00:00+00:00,3.71700000762939
2024-03-21 00:00:00+00:00,3.67600011825562
2024-03-22 00:00:00+00:00,3.63899993896484
2024-03-25 00:00:00+00:00,3.6949999332428
2024-03-26 00:00:00+00:00,3.65700006484985
2024-03-27 00:00:00+00:00,3.61400008201599
2024-03-28 00:00:00+00:00,3.67700004577637
2024-03-29 00:00:00+00:00,3.66700005531311
2024-04-01 00:00:00+00:00,3.67700004577637
2024-04-02 00:00:00+00:00,3.80800008773804
2024-04-03 00:00:00+00:00,3.83299994468689
2024-04-04 00:00:00+00:00,3.71499991416931
2024-04-05 00:00:00+00:00,3.78600001335144
2024-04-08 00:00:00+00:00,3.79900002479553
2024-04-09 00:00:00+00:00,3.71700000762939
2024-04-10 00:00:00+00:00,3.7720000743866
2024-04-11 00:00:00+00:00,3.84899997711182
2024-04-12 00:00:00+00:00,3.74300003051758
2024-04-15 00:00:00+00:00,3.84800004959106
2024-04-16 00:00:00+00:00,3.91599988937378
2024-04-17 00:00:00+00:00,3.88599991798401
2024-04-18 00:00:00+00:00,3.89499998092651
2024-04-19 00:00:00+00:00,3.8970000743866
2024-04-22 00:00:00+00:00,3.81599998474121
2024-04-23 00:00:00+00:00,3.81399989128113
2024-04-24 00:00:00+00:00,3.96099996566772
2024-04-25 00:00:00+00:00,3.99699997901917
2024-04-26 00:00:00+00:00,3.88700008392334
2024-04-29 00:00:00+00:00,3.82299995422363
2024-04-30 00:00:00+00:00,3.87899994850159
2024-05-01 00:00:00+00:00,3.87800002098083
2024-05-02 00:00:00+00:00,3.8659999370575
2024-05-03 00:00:00+00:00,3.8199999332428
2024-05-06 00:00:00+00:00,3.80200004577637
2024-05-07 00:00:00+00:00,3.75699996948242
2024-05-08 00:00:00+00:00,3.80200004577637
2024-05-09 00:00:00+00:00,3.83500003814697
2024-05-10 00:00:00+00:00,3.85800004005432
2024-05-13 00:00:00+00:00,3.85800004005432
2024-05-14 00:00:00+00:00,3.8970000743866
2024-05-15 00:00:00+00:00,3.73499989509583
2024-05-16 00:00:00+00:00,3.75300002098083
2024-05-17 00:00:00+00:00,3.81299996376038
2024-05-20 00:00:00+00:00,3.81599998474121
2024-05-21 00:00:00+00:00,3.80200004577637
2024-05-22 00:00:00+00:00,3.83299994468689
2024-05-23 00:00:00+00:00,3.89299988746643
2024-05-24 00:00:00+00:00,3.89499998092651
2024-05-27 00:00:00+00:00,3.83299994468689
2024-05-28 00:00:00+00:00,3.90100002288818
2024-05-29 00:00:00+00:00,4.01599979400635
2024-05-30 00:00:00+00:00,3.96199989318848
2024-05-31 00:00:00+00:00,3.97399997711182
2024-06-03 00:00:00+00:00,3.88700008392334
2024-06-04 00:00:00+00:00,3.85899996757507
2024-06-05 00:00:00+00:00,3.80900001525879
2024-06-06 00:00:00+00:00,3.86400008201599
2024-06-07 00:00:00+00:00,3.97000002861023
2024-06-10 00:00:00+00:00,4.07999992370605
2024-06-11 00:00:00+00:00,4.06799983978271
2024-06-12 00:00:00+00:00,3.92199993133545
2024-06-13 00:00:00+00:00,3.95099997520447
2024-06-14 00:00:00+00:00,3.92499995231628
2024-06-17 00:00:00+00:00,3.94799995422363
2024-06-18 00:00:00+00:00,3.88599991798401
2024-06-19 00:00:00+00:00,3.94300007820129
2024-06-20 00:00:00+00:00,3.94400000572205
2024-06-21 00:00:00+00:00,3.94400000572205
2024-06-24 00:00:00+00:00,3.93499994277954
2024-06-25 00:00:00+00:00,3.92899990081787
2024-06-26 00:00:00+00:00,3.99499988555908
2024-06-27 00:00:00+00:00,4.03000020980835
2024-06-28 00:00:00+00:00,4.06699991226196
2024-07-01 00:00:00+00:00,4.11199998855591
2024-07-02 00:00:00+00:00,4.06699991226196
2024-07-03 00:00:00+00:00,3.99200010299683
2024-07-04 00:00:00+00:00,4.00299978256226
2024-07-05 00:00:00+00:00,3.94099998474121
2024-07-08 00:00:00+00:00,3.89100003242493
2024-07-09 00:00:00+00:00,3.9539999961853
2024-07-10 00:00:00+00:00,3.86299991607666
2024-07-11 00:00:00+00:00,3.78999996185303
2024-07-12 00:00:00+00:00,3.79299998283386
2024-07-15 00:00:00+00:00,3.74799990653992
2024-07-16 00:00:00+00:00,3.70799994468689
2024-07-17 00:00:00+00:00,3.71399998664856
2024-07-18 00:00:00+00:00,3.71900010108948
2024-07-19 00:00:00+00:00,3.77900004386902
2024-07-22 00:00:00+00:00,3.77699995040894
2024-07-23 00:00:00+00:00,3.75099992752075
2024-07-24 00:00:00+00:00,3.79800009727478
2024-07-25 00:00:00+00:00,3.77699995040894
2024-07-26 00:00:00+00:00,3.76200008392334
2024-07-29 00:00:00+00:00,3.70900011062622
2024-07-30 00:00:00+00:00,3.70300006866455
2024-07-31 00:00:00+00:00,3.65300011634827
2024-08-01 00:00:00+00:00,3.64499998092651
2024-08-02 00:00:00+00:00,3.62700009346008
2024-08-05 00:00:00+00:00,3.68499994277954
2024-08-06 00:00:00+00:00,3.65700006484985
2024-08-07 00:00:00+00:00,3.70799994468689
2024-08-08 00:00:00+00:00,3.69899988174438
2024-08-09 00:00:00+00:00,3.64400005340576
2024-08-12 00:00:00+00:00,3.64199995994568
2024-08-13 00:00:00+00:00,3.57599997520447
2024-08-14 00:00:00+00:00,3.56699991226196
2024-08-15 00:00:00+00:00,3.63899993896484
2024-08-16 00:00:00+00:00,3.64100003242493
2024-08-19 00:00:00+00:00,3.62400007247925
2024-08-20 00:00:00+00:00,3.59400010108948
2024-08-21 00:00:00+00:00,3.56500005722046
2024-08-22 00:00:00+00:00,3.61500000953674
2024-08-23 00:00:00+00:00,3.56800007820129
2024-08-26 00:00:00+00:00,3.59699988365173
2024-08-27 00:00:00+00:00,3.66400003433228
2024-08-28 00:00:00+00:00,3.65000009536743
2024-08-29 00:00:00+00:00,3.65599989891052
2024-08-30 00:00:00+00:00,3.69099998474121
2024-09-02 00:00:00+00:00,3.70499992370605
2024-09-03 00:00:00+00:00,3.67499995231628
2024-09-04 00:00:00+00:00,3.58500003814697
2024-09-05 00:00:00+00:00,3.56699991226196
2024-09-06 00:00:00+00:00,3.55599999427795
2024-09-09 00:00:00+00:00,3.54800009727478
2024-09-10 00:00:00+00:00,3.51399993896484
2024-09-11 00:00:00+00:00,3.46399998664856
2024-09-12 00:00:00+00:00,3.54200005531311
2024-09-13 00:00:00+00:00,3.51399993896484
2024-09-16 00:00:00+00:00,3.4779999256134
2024-09-17 00:00:00+00:00,3.5
2024-09-18 00:00:00+00:00,3.57299995422363
2024-09-19 00:00:00+00:00,3.5550000667572
2024-09-20 00:00:00+00:00,3.55999994277954
2024-09-23 00:00:00+00:00,3.51799988746643
2024-09-24 00:00:00+00:00,3.48000001907349
2024-09-25 00:00:00+00:00,3.53800010681152
2024-09-26 00:00:00+00:00,3.48399996757507
2024-09-27 00:00:00+00:00,3.45700001716614
2024-09-30 00:00:00+00:00,3.46499991416931
2024-10-01 00:00:00+00:00,3.37700009346008
2024-10-02 00:00:00+00:00,3.42700004577637
2024-10-03 00:00:00+00:00,3.4779999256134
2024-10-04 00:00:00+00:00,3.51399993896484
2024-10-07 00:00:00+00:00,3.56800007820129
2024-10-08 00:00:00+00:00,3.55399990081787
2024-10-09 00:00:00+00:00,3.55999994277954
2024-10-10 00:00:00+00:00,3.53299999237061
2024-10-11 00:00:00+00:00,3.55999994277954
2024-10-14 00:00:00+00:00,3.54800009727478
2024-10-15 00:00:00+00:00,3.46499991416931
2024-10-16 00:00:00+00:00,3.41000008583069
2024-10-17 00:00:00+00:00,3.40499997138977
2024-10-18 00:00:00+00:00,3.35999989509583
2024-10-21 00:00:00+00:00,3.51099991798401
2024-10-22 00:00:00+00:00,3.55399990081787
2024-10-23 00:00:00+00:00,3.5239999294281
2024-10-24 00:00:00+00:00,3.47000002861023
2024-10-25 00:00:00+00:00,3.51099991798401
2024-10-28 00:00:00+00:00,3.49600005149841
2024-10-29 00:00:00+00:00,3.56500005722046
2024-10-30 00:00:00+00:00,3.62800002098083
2024-10-31 00:00:00+00:00,3.66599988937378
2024-11-01 00:00:00+00:00,3.68600010871887
2024-11-04 00:00:00+00:00,3.66799998283386
2024-11-05 00:00:00+00:00,3.67199993133545
2024-11-06 00:00:00+00:00,3.73799991607666
2024-11-07 00:00:00+00:00,3.73699998855591
2024-11-08 00:00:00+00:00,3.66100001335144
2024-11-11 00:00:00+00:00,3.59299993515015
2024-11-12 00:00:00+00:00,3.63599991798401
2024-11-13 00:00:00+00:00,3.62400007247925
2024-11-14 00:00:00+00:00,3.54699993133545
2024-11-15 00:00:00+00:00,3.55599999427795
2024-11-18 00:00:00+00:00,3.57299995422363
2024-11-19 00:00:00+00:00,3.55399990081787
2024-11-20 00:00:00+00:00,3.57500004768372
2024-11-21 00:00:00+00:00,3.57599997520447
2024-11-22 00:00:00+00:00,3.50500011444092
2024-11-25 00:00:00+00:00,3.47900009155273
2024-11-26 00:00:00+00:00,3.46099996566772
2024-11-27 00:00:00+00:00,3.40400004386902
2024-11-28 00:00:00+00:00,3.34400010108948
2024-11-29 00:00:00+00:00,3.27500009536743
2024-12-02 00:00:00+00:00,3.25999999046326
2024-12-03 00:00:00+00:00,3.2409999370575
2024-12-04 00:00:00+00:00,3.21499991416931
2024-12-05 00:00:00+00:00,3.2039999961853
2024-12-06 00:00:00+00:00,3.19400000572205
2024-12-09 00:00:00+00:00,3.1949999332428
2024-12-10 00:00:00+00:00,3.20700001716614
2024-12-11 00:00:00+00:00,3.19600009918213
2024-12-12 00:00:00+00:00,3.33699989318848
2024-12-13 00:00:00+00:00,3.38899993896484
2024-12-16 00:00:00+00:00,3.3989999294281
2024-12-17 00:00:00+00:00,3.38700008392334
2024-12-18 00:00:00+00:00,3.40899991989136
2024-12-19 00:00:00+00:00,3.47300004959106
2024-12-20 00:00:00+00:00,3.45000004768372
2024-12-23 00:00:00+00:00,3.50200009346008
2024-12-24 00:00:00+00:00,3.49499988555908
2024-12-27 00:00:00+00:00,3.53699994087219
2024-12-30 00:00:00+00:00,3.53200006484985
2024-12-31 00:00:00+00:00,3.52099990844727
2025-01-02 00:00:00+00:00,3.53399991989136
2025-01-03 00:00:00+00:00,3.59599995613098
2025-01-06 00:00:00+00:00,3.5789999961853
2025-01-07 00:00:00+00:00,3.63000011444092
2025-01-08 00:00:00+00:00,3.68700003623962
2025-01-09 00:00:00+00:00,3.70900011062622
2025-01-10 00:00:00+00:00,3.76999998092651
2025-01-13 00:00:00+00:00,3.81900000572205
2025-01-14 00:00:00+00:00,3.83699989318848
2025-01-15 00:00:00+00:00,3.69300007820129
2025-01-16 00:00:00+00:00,3.65000009536743
2025-01-17 00:00:00+00:00,3.64599990844727
2025-01-20 00:00:00+00:00,3.61500000953674
2025-01-21 00:00:00+00:00,3.59100008010864
2025-01-22 00:00:00+00:00,3.59999990463257
2025-01-23 00:00:00+00:00,3.63899993896484
2025-01-24 00:00:00+00:00,3.65799999237061
2025-01-27 00:00:00+00:00,3.63299989700317
2025-01-28 00:00:00+00:00,3.65799999237061
2025-01-29 00:00:00+00:00,3.66000008583069
2025-01-30 00:00:00+00:00,3.59800004959106
2025-01-31 00:00:00+00:00,3.5550000667572
2025-02-03 00:00:00+00:00,3.50999999046326
2025-02-04 00:00:00+00:00,3.49799990653992
2025-02-05 00:00:00+00:00,3.45099997520447
2025-02-06 00:00:00+00:00,3.44600009918213
2025-02-07 00:00:00+00:00,3.46600008010864
2025-02-10 00:00:00+00:00,3.45300006866455
2025-02-11 00:00:00+00:00,3.53099989891052
2025-02-12 00:00:00+00:00,3.56500005722046
2025-02-13 00:00:00+00:00,3.50500011444092
2025-02-14 00:00:00+00:00,3.51900005340576
2025-02-17 00:00:00+00:00,3.55100011825562
2025-02-18 00:00:00+00:00,3.54900002479553
2025-02-19 00:00:00+00:00,3.63800001144409
2025-02-20 00:00:00+00:00,3.61899995803833
2025-02-21 00:00:00+00:00,3.55699992179871
2025-02-24 00:00:00+00:00,3.55900001525879
2025-02-25 00:00:00+00:00,3.52800011634827
2025-02-26 00:00:00+00:00,3.48799991607666
2025-02-27 00:00:00+00:00,3.48600006103516
2025-02-28 00:00:00+00:00,3.47699999809265
2025-03-03 00:00:00+00:00,3.54500007629395
2025-03-04 00:00:00+00:00,3.56699991226196
2025-03-05 00:00:00+00:00,3.84299993515015
2025-03-06 00:00:00+00:00,3.92600011825562
2025-03-07 00:00:00+00:00,3.90499997138977
2025-03-10 00:00:00+00:00,3.91199994087219
2025-03-11 00:00:00+00:00,3.96000003814697
2025-03-12 00:00:00+00:00,3.94000005722046
2025-03-13 00:00:00+00:00,3.93799996376038
2025-03-14 00:00:00+00:00,3.94400000572205
2025-03-17 00:00:00+00:00,3.85800004005432
2025-03-18 00:00:00+00:00,3.875
2025-03-19 00:00:00+00:00,3.84500002861023
2025-03-20 00:00:00+00:00,3.8510000705719
2025-03-21 00:00:00+00:00,3.8199999332428
2025-03-24 00:00:00+00:00,3.81699991226196
2025-03-25 00:00:00+00:00,3.89299988746643
2025-03-26 00:00:00+00:00,3.89400005340576
2025-03-27 00:00:00+00:00,3.88000011444092
2025-03-28 00:00:00+00:00,3.85400009155273
2025-03-31 00:00:00+00:00,3.85999989509583
2025-04-01 00:00:00+00:00,3.78800010681152
2025-04-02 00:00:00+00:00,3.81599998474121
2025-04-03 00:00:00+00:00,3.76799988746643
2025-04-04 00:00:00+00:00,3.76200008392334
2025-04-07 00:00:00+00:00,3.86500000953674
2025-04-08 00:00:00+00:00,3.85700011253357
2025-04-09 00:00:00+00:00,3.88499999046326
2025-04-10 00:00:00+00:00,3.81699991226196
2025-04-11 00:00:00+00:00,3.80900001525879
2025-04-14 00:00:00+00:00,3.68300008773804
2025-04-15 00:00:00+00:00,3.72099995613098
2025-04-16 00:00:00+00:00,3.69600009918213
2025-04-17 00:00:00+00:00,3.65000009536743
2025-04-22 00:00:00+00:00,3.60700011253357
2025-04-23 00:00:00+00:00,3.62899994850159
2025-04-24 00:00:00+00:00,3.54299998283386
2025-04-25 00:00:00+00:00,3.58299994468689
2025-04-28 00:00:00+00:00,3.63199996948242
2025-04-29 00:00:00+00:00,3.61800003051758
2025-04-30 00:00:00+00:00,3.57599997520447
2025-05-02 00:00:00+00:00,3.63100004196167
2025-05-05 00:00:00+00:00,3.61899995803833
2025-05-06 00:00:00+00:00,3.63599991798401
2025-05-07 00:00:00+00:00,3.55999994277954
2025-05-08 00:00:00+00:00,3.58899998664856
2025-05-09 00:00:00+00:00,3.625
2025-05-12 00:00:00+00:00,3.68400001525879
2025-05-13 00:00:00+00:00,3.71099996566772
2025-05-14 00:00:00+00:00,3.7260000705719
2025-05-15 00:00:00+00:00,3.63800001144409
2025-05-16 00:00:00+00:00,3.60899996757507
2025-05-19 00:00:00+00:00,3.60700011253357
2025-05-20 00:00:00+00:00,3.61199998855591
2025-05-21 00:00:00+00:00,3.64800000190735
2025-05-22 00:00:00+00:00,3.65899991989136
2025-05-23 00:00:00+00:00,3.60999989509583
2025-05-26 00:00:00+00:00,3.5550000667572
2025-05-27 00:00:00+00:00,3.53399991989136
2025-05-28 00:00:00+00:00,3.55299997329712
2025-05-29 00:00:00+00:00,3.50099992752075
2025-05-30 00:00:00+00:00,3.49600005149841
2025-06-02 00:00:00+00:00,3.51900005340576
2025-06-03 00:00:00+00:00,3.50399994850159
2025-06-04 00:00:00+00:00,3.51300001144409
2025-06-05 00:00:00+00:00,3.54999995231628
2025-06-06 00:00:00+00:00,3.5090000629425
2025-06-09 00:00:00+00:00,3.48900008201599
2025-06-10 00:00:00+00:00,3.45300006866455
2025-06-11 00:00:00+00:00,3.46799993515015
2025-06-12 00:00:00+00:00,3.4210000038147
2025-06-13 00:00:00+00:00,3.49000000953674
2025-06-16 00:00:00+00:00,3.46000003814697
2025-06-17 00:00:00+00:00,3.51999998092651
2025-06-18 00:00:00+00:00,3.47900009155273
2025-06-19 00:00:00+00:00,3.54999995231628
2025-06-20 00:00:00+00:00,3.52500009536743
2025-06-23 00:00:00+00:00,3.50799989700317
2025-06-24 00:00:00+00:00,3.49200010299683
2025-06-25 00:00:00+00:00,3.50500011444092
2025-06-26 00:00:00+00:00,3.48499989509583
2025-06-27 00:00:00+00:00,3.49699997901917
2025-06-30 00:00:00+00:00,3.50699996948242
2025-07-01 00:00:00+00:00,3.47699999809265
2025-07-02 00:00:00+00:00,3.53500008583069
2025-07-03 00:00:00+00:00,3.4760000705719
2025-07-04 00:00:00+00:00,3.47499990463257
2025-07-07 00:00:00+00:00,3.51999998092651
2025-07-08 00:00:00+00:00,3.56399989128113
2025-07-09 00:00:00+00:00,3.55100011825562
2025-07-10 00:00:00+00:00,3.59100008010864
2025-07-11 00:00:00+00:00,3.6029999256134
2025-07-14 00:00:00+00:00,3.61999988555908
2025-07-15 00:00:00+00:00,3.6029999256134
2025-07-16 00:00:00+00:00,3.5789999961853
2025-07-17 00:00:00+00:00,3.56399989128113
2025-07-18 00:00:00+00:00,3.57599997520447
2025-07-21 00:00:00+00:00,3.48200011253357
2025-07-22 00:00:00+00:00,3.46300005912781
2025-07-23 00:00:00+00:00,3.46399998664856
2025-07-24 00:00:00+00:00,3.56800007820129
2025-07-25 00:00:00+00:00,3.58100008964539
2025-07-28 00:00:00+00:00,3.53200006484985
2025-07-29 00:00:00+00:00,3.53299999237061
2025-07-30 00:00:00+00:00,3.55299997329712
2025-07-31 00:00:00+00:00,3.53600001335144
2025-08-01 00:00:00+00:00,3.53999996185303
2025-08-04 00:00:00+00:00,3.46140003204346
2025-08-05 00:00:00+00:00,3.45429992675781
2025-08-06 00:00:00+00:00,3.48140001296997
2025-08-07 00:00:00+00:00,3.45510005950928
2025-08-08 00:00:00+00:00,3.50650000572205
2025-08-11 00:00:00+00:00,3.51209998130798
2025-08-12 00:00:00+00:00,3.55699992179871
2025-08-13 00:00:00+00:00,3.47889995574951
2025-08-14 00:00:00+00:00,3.51959991455078
2025-08-15 00:00:00+00:00,3.61929988861084
2025-08-18 00:00:00+00:00,3.59039998054504
2025-08-19 00:00:00+00:00,3.58459997177124
2025-08-20 00:00:00+00:00,3.55159997940063
2025-08-21 00:00:00+00:00,3.60840010643005
2025-08-22 00:00:00+00:00,3.55040001869202
2025-08-25 00:00:00+00:00,3.61879992485046
2025-08-26 00:00:00+00:00,3.58550000190735
2025-08-27 00:00:00+00:00,3.60669994354248
2025-08-28 00:00:00+00:00,3.56279993057251
2025-08-29 00:00:00+00:00,3.61500000953674
2025-09-01 00:00:00+00:00,3.63610005378723
2025-09-02 00:00:00+00:00,3.71070003509521
2025-09-03 00:00:00+00:00,3.63899993896484
2025-09-04 00:00:00+00:00,3.60349988937378
2025-09-05 00:00:00+00:00,3.53099989891052
2025-09-08 00:00:00+00:00,3.49830007553101
2025-09-09 00:00:00+00:00,3.51060009002686
2025-09-10 00:00:00+00:00,3.49320006370544
2025-09-11 00:00:00+00:00,3.48130011558533
2025-09-12 00:00:00+00:00,3.54739999771118
2025-09-15 00:00:00+00:00,3.50570011138916
2025-09-16 00:00:00+00:00,3.51020002365112
2025-09-17 00:00:00+00:00,3.49819993972778
2025-09-18 00:00:00+00:00,3.55040001869202
2025-09-19 00:00:00+00:00,3.56719994544983
2025-09-22 00:00:00+00:00,3.57430005073547
2025-09-23 00:00:00+00:00,3.5731999874115
2025-09-24 00:00:00+00:00,3.59319996833801
2025-09-25 00:00:00+00:00,3.63989996910095
2025-09-26 00:00:00+00:00,3.60759997367859
2025-09-29 00:00:00+00:00,3.55979990959167
2025-09-30 00:00:00+00:00,3.56430006027222
2025-10-01 00:00:00+00:00,3.55080008506775
2025-10-02 00:00:00+00:00,3.54940009117126
2025-10-03 00:00:00+00:00,3.54169988632202
2025-10-06 00:00:00+00:00,3.57039999961853
2025-10-07 00:00:00+00:00,3.56469988822937
2025-10-08 00:00:00+00:00,3.50399994850159
2025-10-09 00:00:00+00:00,3.53990006446838
2025-10-10 00:00:00+00:00,3.4893000125885
2025-10-13 00:00:00+00:00,3.45989990234375
2025-10-14 00:00:00+00:00,3.41950011253357
2025-10-15 00:00:00+00:00,3.37210011482239
2025-10-16 00:00:00+00:00,3.35450005531311
2025-10-17 00:00:00+00:00,3.37779998779297
2025-10-20 00:00:00+00:00,3.37269997596741
2025-10-21 00:00:00+00:00,3.34680008888245
2025-10-22 00:00:00+00:00,3.35330009460449
2025-10-23 00:00:00+00:00,3.37509989738464
2025-10-24 00:00:00+00:00,3.41709995269775
2025-10-27 00:00:00+00:00,3.39590001106262
2025-10-28 00:00:00+00:00,3.40019989013672
2025-10-29 00:00:00+00:00,3.3808000087738
2025-10-30 00:00:00+00:00,3.39689993858337
2025-10-31 00:00:00+00:00,3.38380002975464
2025-11-03 00:00:00+00:00,3.40650010108948
2025-11-04 00:00:00+00:00,3.40089988708496
2025-11-05 00:00:00+00:00,3.42540001869202
2025-11-06 00:00:00+00:00,3.41269993782043
2025-11-07 00:00:00+00:00,3.43020009994507
2025-11-10 00:00:00+00:00,3.41370010375977
2025-11-11 00:00:00+00:00,3.40190005302429
2025-11-12 00:00:00+00:00,3.3701000213623
2025-11-13 00:00:00+00:00,3.42330002784729
2025-11-14 00:00:00+00:00,3.46539998054504
2025-11-17 00:00:00+00:00,3.44980001449585
2025-11-18 00:00:00+00:00,3.46390008926392
2025-11-19 00:00:00+00:00,3.44939994812012
2025-11-20 00:00:00+00:00,3.47480010986328
2025-11-21 00:00:00+00:00,3.46399998664856
2025-11-24 00:00:00+00:00,3.44199991226196
2025-11-25 00:00:00+00:00,3.4038999080658
2025-11-26 00:00:00+00:00,3.3908998966217
2025-11-27 00:00:00+00:00,3.40199995040894
2025-11-28 00:00:00+00:00,3.40400004386902
2025-12-01 00:00:00+00:00,3.46950006484985
2025-12-02 00:00:00+00:00,3.46709990501404
2025-12-03 00:00:00+00:00,3.44630002975464
2025-12-04 00:00:00+00:00,3.47270011901855
2025-12-05 00:00:00+00:00,3.4941999912262
2025-12-08 00:00:00+00:00,3.56040000915527
2025-12-09 00:00:00+00:00,3.54850006103516
2025-12-10 00:00:00+00:00,3.56030011177063
2025-12-11 00:00:00+00:00,3.53239989280701
2025-12-12 00:00:00+00:00,3.55410003662109
2025-12-15 00:00:00+00:00,3.53730010986328
2025-12-16 00:00:00+00:00,3.5074999332428
2025-12-17 00:00:00+00:00,3.52850008010864
2025-12-18 00:00:00+00:00,3.49880003929138
2025-12-19 00:00:00+00:00,3.54679989814758
2025-12-22 00:00:00+00:00,3.56839990615845
2025-12-23 00:00:00+00:00,3.51839995384216
2025-12-24 00:00:00+00:00,3.51430010795593
2025-12-25 00:00:00+00:00,3.51469993591309
2025-12-26 00:00:00+00:00,3.51430010795593
2025-12-29 00:00:00+00:00,3.4672999382019
2025-12-30 00:00:00+00:00,3.51029992103577
2025-12-31 00:00:00+00:00,3.51180005073547
